2025-11-05 16:29:40,499 - __main__ - INFO - === MS Blood Test Tracker Started ===
2025-11-05 16:29:40,509 - src.database_handler - INFO - Connected to database: C:\smakryko\ms-blood-test-tracker\data\ms_blood_tests.db
2025-11-05 16:29:40,551 - src.database_handler - INFO - Database initialized successfully
2025-11-05 16:29:40,554 - src.pdf_reader - INFO - Using PDF library: pdfplumber
2025-11-05 16:29:40,556 - __main__ - INFO - Found 3 PDF file(s) to process
2025-11-05 16:29:40,556 - __main__ - INFO - Processing: bloodResults_23092025.pdf
2025-11-05 16:29:41,057 - src.database_handler - INFO - Inserted test results for test_id: 1
2025-11-05 16:29:41,134 - __main__ - INFO - Processing: blood_28042025.PDF
2025-11-05 16:29:41,729 - src.database_handler - INFO - Inserted test results for test_id: 2
2025-11-05 16:29:41,732 - __main__ - INFO - Processing: blood_30012023.PDF
2025-11-05 16:29:42,243 - src.database_handler - INFO - Inserted test results for test_id: 3
2025-11-05 16:29:42,246 - __main__ - INFO - 
Processing complete!
2025-11-05 16:29:42,246 - __main__ - INFO - Total tests processed: 3
2025-11-05 16:29:42,247 - __main__ - INFO - Total results stored: 12
2025-11-05 16:29:42,247 - src.database_handler - INFO - Database connection closed
2025-11-05 16:29:42,247 - __main__ - INFO - === MS Blood Test Tracker Finished ===
2025-11-05 16:29:55,424 - __main__ - INFO - === MS Blood Test Tracker Started ===
2025-11-05 16:29:55,429 - src.database_handler - INFO - Connected to database: C:\smakryko\ms-blood-test-tracker\data\ms_blood_tests.db
2025-11-05 16:29:55,431 - src.database_handler - INFO - Database initialized successfully
2025-11-05 16:29:55,436 - src.database_handler - INFO - Exported 12 results to results.csv
2025-11-05 16:29:55,436 - __main__ - INFO - Results exported to: results.csv
2025-11-05 16:29:55,437 - src.database_handler - INFO - Database connection closed
2025-11-05 16:29:55,437 - __main__ - INFO - === MS Blood Test Tracker Finished ===
%(asctime)s - %(name)s - %(levelname)s - %(message)s
%(asctime)s - %(name)s - %(levelname)s - %(message)s
%(asctime)s - %(name)s - %(levelname)s - %(message)s
%(asctime)s - %(name)s - %(levelname)s - %(message)s
%(asctime)s - %(name)s - %(levelname)s - %(message)s
%(asctime)s - %(name)s - %(levelname)s - %(message)s
%(asctime)s - %(name)s - %(levelname)s - %(message)s
%(asctime)s - %(name)s - %(levelname)s - %(message)s
%(asctime)s - %(name)s - %(levelname)s - %(message)s
%(asctime)s - %(name)s - %(levelname)s - %(message)s
%(asctime)s - %(name)s - %(levelname)s - %(message)s
%(asctime)s - %(name)s - %(levelname)s - %(message)s
%(asctime)s - %(name)s - %(levelname)s - %(message)s
%(asctime)s - %(name)s - %(levelname)s - %(message)s
%(asctime)s - %(name)s - %(levelname)s - %(message)s
%(asctime)s - %(name)s - %(levelname)s - %(message)s
%(asctime)s - %(name)s - %(levelname)s - %(message)s
%(asctime)s - %(name)s - %(levelname)s - %(message)s
%(asctime)s - %(name)s - %(levelname)s - %(message)s
2025-11-05 16:50:07,398 - __main__ - INFO - === MS Blood Test Tracker Started ===
2025-11-05 16:50:07,404 - src.database_handler - INFO - Connected to database: C:\smakryko\ms-blood-test-tracker\data\ms_blood_tests.db
2025-11-05 16:50:07,407 - src.database_handler - INFO - Database initialized successfully
2025-11-05 16:50:07,410 - src.pdf_reader - INFO - Using PDF library: pdfplumber
2025-11-05 16:50:07,414 - __main__ - INFO - Found 3 PDF file(s) to process
2025-11-05 16:50:07,414 - __main__ - INFO - Processing: bloodResults_23092025.pdf
2025-11-05 16:50:08,581 - src.database_handler - INFO - Inserted test results for test_id: 7
2025-11-05 16:50:08,581 - __main__ - INFO - Processed: bloodResults_23092025.pdf (15 results extracted)
2025-11-05 16:50:08,581 - __main__ - INFO - Processing: blood_28042025.PDF
2025-11-05 16:50:09,792 - src.database_handler - INFO - Inserted test results for test_id: 8
2025-11-05 16:50:09,792 - __main__ - INFO - Processed: blood_28042025.PDF (15 results extracted)
2025-11-05 16:50:09,793 - __main__ - INFO - Processing: blood_30012023.PDF
2025-11-05 16:50:10,854 - src.database_handler - INFO - Inserted test results for test_id: 9
2025-11-05 16:50:10,854 - __main__ - INFO - Processed: blood_30012023.PDF (15 results extracted)
2025-11-05 16:50:10,855 - __main__ - INFO - 
Processing complete!
2025-11-05 16:50:10,855 - __main__ - INFO - Total tests processed: 3
2025-11-05 16:50:10,855 - __main__ - INFO - Total results stored: 45
2025-11-05 16:50:10,855 - src.database_handler - INFO - Database connection closed
2025-11-05 16:50:10,855 - __main__ - INFO - === MS Blood Test Tracker Finished ===
2025-11-05 16:50:40,347 - __main__ - INFO - === MS Blood Test Tracker Started ===
2025-11-05 16:50:40,352 - src.database_handler - INFO - Connected to database: C:\smakryko\ms-blood-test-tracker\data\ms_blood_tests.db
2025-11-05 16:50:40,354 - src.database_handler - INFO - Database initialized successfully
2025-11-05 16:50:40,359 - src.database_handler - INFO - Exported 102 results to results.csv
2025-11-05 16:50:40,360 - __main__ - INFO - Results exported to: results.csv
2025-11-05 16:50:40,361 - src.database_handler - INFO - Database connection closed
2025-11-05 16:50:40,362 - __main__ - INFO - === MS Blood Test Tracker Finished ===
2025-11-05 16:52:46,561 - __main__ - INFO - === MS Blood Test Tracker Started ===
2025-11-05 16:52:46,566 - src.database_handler - INFO - Connected to database: C:\smakryko\ms-blood-test-tracker\data\ms_blood_tests.db
2025-11-05 16:52:46,568 - src.database_handler - INFO - Database initialized successfully
2025-11-05 16:52:46,571 - src.pdf_reader - INFO - Using PDF library: pdfplumber
2025-11-05 16:52:46,573 - __main__ - INFO - Found 3 PDF file(s) to process
2025-11-05 16:52:46,573 - __main__ - INFO - Processing: bloodResults_23092025.pdf
2025-11-05 16:52:47,485 - src.database_handler - INFO - Inserted test results for test_id: 10
2025-11-05 16:52:47,486 - __main__ - INFO - Processed: bloodResults_23092025.pdf (15 results extracted)
2025-11-05 16:52:47,486 - __main__ - INFO - Processing: blood_28042025.PDF
2025-11-05 16:52:48,709 - src.database_handler - INFO - Inserted test results for test_id: 11
2025-11-05 16:52:48,710 - __main__ - INFO - Processed: blood_28042025.PDF (15 results extracted)
2025-11-05 16:52:48,710 - __main__ - INFO - Processing: blood_30012023.PDF
2025-11-05 16:52:49,742 - src.database_handler - INFO - Inserted test results for test_id: 12
2025-11-05 16:52:49,742 - __main__ - INFO - Processed: blood_30012023.PDF (15 results extracted)
2025-11-05 16:52:49,743 - __main__ - INFO - 
Processing complete!
2025-11-05 16:52:49,743 - __main__ - INFO - Total tests processed: 3
2025-11-05 16:52:49,743 - __main__ - INFO - Total results stored: 45
2025-11-05 16:52:49,744 - src.database_handler - INFO - Database connection closed
2025-11-05 16:52:49,744 - __main__ - INFO - === MS Blood Test Tracker Finished ===
2025-11-05 16:53:15,363 - __main__ - INFO - === MS Blood Test Tracker Started ===
2025-11-05 16:53:15,367 - src.database_handler - INFO - Connected to database: C:\smakryko\ms-blood-test-tracker\data\ms_blood_tests.db
2025-11-05 16:53:15,369 - src.database_handler - INFO - Database initialized successfully
2025-11-05 16:53:15,375 - src.database_handler - INFO - Exported 147 results to results_clean.csv
2025-11-05 16:53:15,375 - __main__ - INFO - Results exported to: results_clean.csv
2025-11-05 16:53:15,376 - src.database_handler - INFO - Database connection closed
2025-11-05 16:53:15,376 - __main__ - INFO - === MS Blood Test Tracker Finished ===
2025-11-05 16:56:14,336 - __main__ - INFO - === MS Blood Test Tracker Started ===
2025-11-05 16:56:14,341 - src.database_handler - INFO - Connected to database: C:\smakryko\ms-blood-test-tracker\data\ms_blood_tests.db
2025-11-05 16:56:14,343 - src.database_handler - INFO - Database initialized successfully
2025-11-05 16:56:14,345 - src.database_handler - INFO - Migrating schema: adding category_code column to test_results
2025-11-05 16:56:14,350 - src.pdf_reader - INFO - Using PDF library: pdfplumber
2025-11-05 16:56:14,353 - __main__ - INFO - Found 3 PDF file(s) to process
2025-11-05 16:56:14,355 - __main__ - INFO - Processing: bloodResults_23092025.pdf
2025-11-05 16:56:15,368 - src.database_handler - INFO - Inserted test results for test_id: 13
2025-11-05 16:56:15,369 - __main__ - INFO - Processed: bloodResults_23092025.pdf (15 results extracted)
2025-11-05 16:56:15,369 - __main__ - INFO - Processing: blood_28042025.PDF
2025-11-05 16:56:16,388 - src.database_handler - INFO - Inserted test results for test_id: 14
2025-11-05 16:56:16,388 - __main__ - INFO - Processed: blood_28042025.PDF (15 results extracted)
2025-11-05 16:56:16,389 - __main__ - INFO - Processing: blood_30012023.PDF
2025-11-05 16:56:17,307 - src.database_handler - INFO - Inserted test results for test_id: 15
2025-11-05 16:56:17,307 - __main__ - INFO - Processed: blood_30012023.PDF (15 results extracted)
2025-11-05 16:56:17,308 - __main__ - INFO - 
Processing complete!
2025-11-05 16:56:17,308 - __main__ - INFO - Total tests processed: 3
2025-11-05 16:56:17,308 - __main__ - INFO - Total results stored: 45
2025-11-05 16:56:17,308 - src.database_handler - INFO - Database connection closed
2025-11-05 16:56:17,309 - __main__ - INFO - === MS Blood Test Tracker Finished ===
2025-11-05 16:58:16,285 - __main__ - INFO - === MS Blood Test Tracker Started ===
2025-11-05 16:58:16,291 - src.database_handler - INFO - Connected to database: C:\smakryko\ms-blood-test-tracker\data\ms_blood_tests.db
2025-11-05 16:58:16,293 - src.database_handler - INFO - Database initialized successfully
2025-11-05 16:58:16,309 - src.database_handler - INFO - Exported 192 results to results_final.csv
2025-11-05 16:58:16,312 - __main__ - INFO - Results exported to: results_final.csv
2025-11-05 16:58:16,320 - src.database_handler - INFO - Database connection closed
2025-11-05 16:58:16,321 - __main__ - INFO - === MS Blood Test Tracker Finished ===
2025-11-05 17:00:33,072 - __main__ - INFO - === MS Blood Test Tracker Started ===
2025-11-05 17:00:33,077 - src.database_handler - INFO - Connected to database: C:\smakryko\ms-blood-test-tracker\data\ms_blood_tests.db
2025-11-05 17:00:33,079 - src.database_handler - INFO - Database initialized successfully
2025-11-05 17:00:33,081 - src.pdf_reader - INFO - Using PDF library: pdfplumber
2025-11-05 17:00:33,083 - __main__ - INFO - Found 3 PDF file(s) to process
2025-11-05 17:00:33,083 - __main__ - INFO - Processing: bloodResults_23092025.pdf
2025-11-05 17:00:34,069 - src.database_handler - INFO - Inserted test results for test_id: 1
2025-11-05 17:00:34,069 - __main__ - INFO - Processed: bloodResults_23092025.pdf (15 results extracted)
2025-11-05 17:00:34,069 - __main__ - INFO - Processing: blood_28042025.PDF
2025-11-05 17:00:35,052 - src.database_handler - INFO - Inserted test results for test_id: 2
2025-11-05 17:00:35,052 - __main__ - INFO - Processed: blood_28042025.PDF (15 results extracted)
2025-11-05 17:00:35,052 - __main__ - INFO - Processing: blood_30012023.PDF
2025-11-05 17:00:35,934 - src.database_handler - INFO - Inserted test results for test_id: 3
2025-11-05 17:00:35,934 - __main__ - INFO - Processed: blood_30012023.PDF (15 results extracted)
2025-11-05 17:00:35,934 - __main__ - INFO - 
Processing complete!
2025-11-05 17:00:35,934 - __main__ - INFO - Total tests processed: 3
2025-11-05 17:00:35,935 - __main__ - INFO - Total results stored: 45
2025-11-05 17:00:35,935 - src.database_handler - INFO - Database connection closed
2025-11-05 17:00:35,935 - __main__ - INFO - === MS Blood Test Tracker Finished ===
2025-11-05 17:01:29,700 - __main__ - INFO - === MS Blood Test Tracker Started ===
2025-11-05 17:01:29,703 - src.database_handler - INFO - Connected to database: C:\smakryko\ms-blood-test-tracker\data\ms_blood_tests.db
2025-11-05 17:01:29,705 - src.database_handler - INFO - Database initialized successfully
2025-11-05 17:01:29,710 - src.database_handler - INFO - Exported 45 results to results_clean_final.csv
2025-11-05 17:01:29,711 - __main__ - INFO - Results exported to: results_clean_final.csv
2025-11-05 17:01:29,711 - src.database_handler - INFO - Database connection closed
2025-11-05 17:01:29,711 - __main__ - INFO - === MS Blood Test Tracker Finished ===
2025-11-05 17:34:23,379 - __main__ - INFO - === MS Blood Test Tracker Started ===
2025-11-05 17:34:23,410 - src.database_handler - INFO - Connected to database: C:\smakryko\ms-blood-test-tracker\data\ms_blood_tests.db
2025-11-05 17:34:23,412 - src.database_handler - INFO - Database initialized successfully
2025-11-05 17:34:23,414 - src.pdf_reader - INFO - Using PDF library: pdfplumber
2025-11-05 17:34:23,416 - __main__ - INFO - Found 3 PDF file(s) to process
2025-11-05 17:34:23,491 - __main__ - INFO - Processing: bloodResults_23092025.pdf (pages: 7)
2025-11-05 17:34:24,317 - __main__ - INFO - Table extraction found 1 table(s) across 7 page(s) for bloodResults_23092025.pdf
2025-11-05 17:34:24,332 - src.database_handler - INFO - Inserted test results for test_id: 4
2025-11-05 17:34:24,333 - __main__ - INFO - Processed: bloodResults_23092025.pdf (15 results extracted; pages parsed: 7)
2025-11-05 17:34:24,395 - __main__ - INFO - Processing: blood_28042025.PDF (pages: 6)
2025-11-05 17:34:25,357 - __main__ - INFO - Table extraction found 2 table(s) across 6 page(s) for blood_28042025.PDF
2025-11-05 17:34:25,364 - src.database_handler - INFO - Inserted test results for test_id: 5
2025-11-05 17:34:25,364 - __main__ - INFO - Processed: blood_28042025.PDF (15 results extracted; pages parsed: 6)
2025-11-05 17:34:25,429 - __main__ - INFO - Processing: blood_30012023.PDF (pages: 4)
2025-11-05 17:34:26,376 - __main__ - INFO - Table extraction found 2 table(s) across 4 page(s) for blood_30012023.PDF
2025-11-05 17:34:26,382 - src.database_handler - INFO - Inserted test results for test_id: 6
2025-11-05 17:34:26,382 - __main__ - INFO - Processed: blood_30012023.PDF (15 results extracted; pages parsed: 4)
2025-11-05 17:34:26,382 - __main__ - INFO - 
Processing complete!
2025-11-05 17:34:26,382 - __main__ - INFO - Total tests processed: 3
2025-11-05 17:34:26,383 - __main__ - INFO - Total results stored: 45
2025-11-05 17:34:26,383 - src.database_handler - INFO - Database connection closed
2025-11-05 17:34:26,383 - __main__ - INFO - === MS Blood Test Tracker Finished ===
2025-11-05 17:35:50,244 - __main__ - INFO - === MS Blood Test Tracker Started ===
2025-11-05 17:35:50,248 - src.database_handler - INFO - Connected to database: C:\smakryko\ms-blood-test-tracker\data\ms_blood_tests.db
2025-11-05 17:35:50,250 - src.database_handler - INFO - Database initialized successfully
2025-11-05 17:35:50,258 - src.database_handler - INFO - Exported 90 results to results_with_category.csv
2025-11-05 17:35:50,259 - __main__ - INFO - Results exported to: results_with_category.csv
2025-11-05 17:35:50,259 - src.database_handler - INFO - Database connection closed
2025-11-05 17:35:50,259 - __main__ - INFO - === MS Blood Test Tracker Finished ===
2025-11-05 17:40:42,587 - __main__ - INFO - === MS Blood Test Tracker Started ===
2025-11-05 17:40:42,590 - src.database_handler - INFO - Connected to database: C:\smakryko\ms-blood-test-tracker\data\ms_blood_tests.db
2025-11-05 17:40:42,592 - src.database_handler - INFO - Database initialized successfully
2025-11-05 17:40:42,606 - src.database_handler - INFO - Exported 45 deduplicated results to results_with_category_dedup.csv
2025-11-05 17:40:42,606 - __main__ - INFO - Results exported to: results_with_category_dedup.csv
2025-11-05 17:40:42,607 - src.database_handler - INFO - Database connection closed
2025-11-05 17:40:42,607 - __main__ - INFO - === MS Blood Test Tracker Finished ===
2025-11-05 17:41:32,426 - __main__ - INFO - === MS Blood Test Tracker Started ===
2025-11-05 17:41:32,430 - src.database_handler - INFO - Connected to database: C:\smakryko\ms-blood-test-tracker\data\ms_blood_tests.db
2025-11-05 17:41:32,432 - src.database_handler - INFO - Database initialized successfully
2025-11-05 17:41:32,447 - src.database_handler - INFO - Exported 45 deduplicated results to results_with_category_dedup.csv
2025-11-05 17:41:32,449 - __main__ - INFO - Results exported to: results_with_category_dedup.csv
2025-11-05 17:41:32,450 - src.database_handler - INFO - Database connection closed
2025-11-05 17:41:32,450 - __main__ - INFO - === MS Blood Test Tracker Finished ===
2025-11-05 17:45:36,020 - __main__ - INFO - === MS Blood Test Tracker Started ===
2025-11-05 17:45:36,025 - src.database_handler - INFO - Connected to database: C:\smakryko\ms-blood-test-tracker\data\ms_blood_tests.db
2025-11-05 17:45:36,027 - src.database_handler - INFO - Database initialized successfully
2025-11-05 17:45:36,034 - src.pdf_reader - INFO - Using PDF library: pdfplumber
2025-11-05 17:45:36,038 - __main__ - INFO - Found 3 PDF file(s) to process
2025-11-05 17:45:36,083 - __main__ - INFO - Processing: bloodResults_23092025.pdf (pages: 7)
2025-11-05 17:45:37,179 - __main__ - INFO - Table extraction found 1 table(s) across 7 page(s) for bloodResults_23092025.pdf
2025-11-05 17:45:37,195 - src.database_handler - INFO - Inserted test results for test_id: 7
2025-11-05 17:45:37,195 - __main__ - INFO - Processed: bloodResults_23092025.pdf (8 results extracted; pages parsed: 7)
2025-11-05 17:45:37,248 - __main__ - INFO - Processing: blood_28042025.PDF (pages: 6)
2025-11-05 17:45:38,733 - __main__ - INFO - Table extraction found 2 table(s) across 6 page(s) for blood_28042025.PDF
2025-11-05 17:45:38,743 - src.database_handler - INFO - Inserted test results for test_id: 8
2025-11-05 17:45:38,743 - __main__ - INFO - Processed: blood_28042025.PDF (7 results extracted; pages parsed: 6)
2025-11-05 17:45:38,781 - __main__ - INFO - Processing: blood_30012023.PDF (pages: 4)
2025-11-05 17:45:39,669 - __main__ - INFO - Table extraction found 2 table(s) across 4 page(s) for blood_30012023.PDF
2025-11-05 17:45:39,677 - src.database_handler - INFO - Inserted test results for test_id: 9
2025-11-05 17:45:39,677 - __main__ - INFO - Processed: blood_30012023.PDF (8 results extracted; pages parsed: 4)
2025-11-05 17:45:39,677 - __main__ - INFO - 
Processing complete!
2025-11-05 17:45:39,677 - __main__ - INFO - Total tests processed: 3
2025-11-05 17:45:39,678 - __main__ - INFO - Total results stored: 23
2025-11-05 17:45:39,678 - src.database_handler - INFO - Database connection closed
2025-11-05 17:45:39,678 - __main__ - INFO - === MS Blood Test Tracker Finished ===
2025-11-05 17:46:01,042 - __main__ - INFO - === MS Blood Test Tracker Started ===
2025-11-05 17:46:01,048 - src.database_handler - INFO - Connected to database: C:\smakryko\ms-blood-test-tracker\data\ms_blood_tests.db
2025-11-05 17:46:01,051 - src.database_handler - INFO - Database initialized successfully
2025-11-05 17:46:01,074 - src.database_handler - INFO - Exported 68 deduplicated results to results_extended.csv
2025-11-05 17:46:01,075 - __main__ - INFO - Results exported to: results_extended.csv
2025-11-05 17:46:01,076 - src.database_handler - INFO - Database connection closed
2025-11-05 17:46:01,076 - __main__ - INFO - === MS Blood Test Tracker Finished ===
2025-11-05 18:07:25,031 - __main__ - INFO - === MS Blood Test Tracker Started ===
2025-11-05 18:07:25,053 - src.database_handler - INFO - Connected to database: C:\smakryko\ms-blood-test-tracker\data\ms_blood_tests.db
2025-11-05 18:07:25,055 - src.database_handler - INFO - Database initialized successfully
2025-11-05 18:07:25,063 - src.pdf_reader - INFO - Using PDF library: pdfplumber
2025-11-05 18:07:25,065 - __main__ - INFO - Found 3 PDF file(s) to process
2025-11-05 18:07:25,133 - __main__ - INFO - Processing: bloodResults_23092025.pdf (pages: 7)
2025-11-05 18:07:26,150 - __main__ - INFO - Table extraction found 1 table(s) across 7 page(s) for bloodResults_23092025.pdf
2025-11-05 18:07:26,167 - src.database_handler - INFO - Inserted test results for test_id: 10
2025-11-05 18:07:26,167 - __main__ - INFO - Processed: bloodResults_23092025.pdf (4 results extracted; pages parsed: 7)
2025-11-05 18:07:26,231 - __main__ - INFO - Processing: blood_28042025.PDF (pages: 6)
2025-11-05 18:07:27,436 - __main__ - INFO - Table extraction found 2 table(s) across 6 page(s) for blood_28042025.PDF
2025-11-05 18:07:27,449 - src.database_handler - INFO - Inserted test results for test_id: 11
2025-11-05 18:07:27,451 - __main__ - INFO - Processed: blood_28042025.PDF (4 results extracted; pages parsed: 6)
2025-11-05 18:07:27,482 - __main__ - INFO - Processing: blood_30012023.PDF (pages: 4)
2025-11-05 18:07:28,365 - __main__ - INFO - Table extraction found 2 table(s) across 4 page(s) for blood_30012023.PDF
2025-11-05 18:07:28,374 - src.database_handler - INFO - Inserted test results for test_id: 12
2025-11-05 18:07:28,375 - __main__ - INFO - Processed: blood_30012023.PDF (4 results extracted; pages parsed: 4)
2025-11-05 18:07:28,375 - __main__ - INFO - 
Processing complete!
2025-11-05 18:07:28,375 - __main__ - INFO - Total tests processed: 3
2025-11-05 18:07:28,375 - __main__ - INFO - Total results stored: 12
2025-11-05 18:07:28,376 - src.database_handler - INFO - Database connection closed
2025-11-05 18:07:28,376 - __main__ - INFO - === MS Blood Test Tracker Finished ===
2025-11-05 18:15:48,798 - __main__ - INFO - === MS Blood Test Tracker Started ===
2025-11-05 18:15:48,801 - src.database_handler - INFO - Connected to database: C:\smakryko\ms-blood-test-tracker\data\ms_blood_tests.db
2025-11-05 18:15:48,804 - src.database_handler - INFO - Database initialized successfully
2025-11-05 18:15:48,811 - src.pdf_reader - INFO - Using PDF library: pdfplumber
2025-11-05 18:15:48,814 - __main__ - INFO - Found 3 PDF file(s) to process
2025-11-05 18:15:48,854 - __main__ - INFO - Processing: bloodResults_23092025.pdf (pages: 7)
2025-11-05 18:15:49,763 - __main__ - INFO - Table extraction found 1 table(s) across 7 page(s) for bloodResults_23092025.pdf
2025-11-05 18:15:49,783 - __main__ - INFO - No structured data extracted; attempting legacy text parser
2025-11-05 18:15:49,791 - src.database_handler - INFO - Inserted test results for test_id: 13
2025-11-05 18:15:49,791 - __main__ - INFO - Processed: bloodResults_23092025.pdf (4 total results extracted; pages parsed: 7)
2025-11-05 18:15:49,825 - __main__ - INFO - Processing: blood_28042025.PDF (pages: 6)
2025-11-05 18:15:50,797 - __main__ - INFO - Table extraction found 2 table(s) across 6 page(s) for blood_28042025.PDF
2025-11-05 18:15:50,816 - __main__ - INFO - No structured data extracted; attempting legacy text parser
2025-11-05 18:15:50,823 - src.database_handler - INFO - Inserted test results for test_id: 14
2025-11-05 18:15:50,823 - __main__ - INFO - Processed: blood_28042025.PDF (4 total results extracted; pages parsed: 6)
2025-11-05 18:15:50,856 - __main__ - INFO - Processing: blood_30012023.PDF (pages: 4)
2025-11-05 18:15:51,689 - __main__ - INFO - Table extraction found 2 table(s) across 4 page(s) for blood_30012023.PDF
2025-11-05 18:15:51,712 - __main__ - INFO - No structured data extracted; attempting legacy text parser
2025-11-05 18:15:51,720 - src.database_handler - INFO - Inserted test results for test_id: 15
2025-11-05 18:15:51,720 - __main__ - INFO - Processed: blood_30012023.PDF (4 total results extracted; pages parsed: 4)
2025-11-05 18:15:51,721 - __main__ - INFO - 
Processing complete!
2025-11-05 18:15:51,721 - __main__ - INFO - Total tests processed: 3
2025-11-05 18:15:51,721 - __main__ - INFO - Total results stored: 12
2025-11-05 18:15:51,722 - src.database_handler - INFO - Database connection closed
2025-11-05 18:15:51,722 - __main__ - INFO - === MS Blood Test Tracker Finished ===
2025-11-05 18:17:12,512 - __main__ - INFO - === MS Blood Test Tracker Started ===
2025-11-05 18:17:12,517 - src.database_handler - INFO - Connected to database: C:\smakryko\ms-blood-test-tracker\data\ms_blood_tests.db
2025-11-05 18:17:12,518 - src.database_handler - INFO - Database initialized successfully
2025-11-05 18:17:12,526 - src.pdf_reader - INFO - Using PDF library: pdfplumber
2025-11-05 18:17:12,528 - __main__ - INFO - Found 3 PDF file(s) to process
2025-11-05 18:17:12,580 - __main__ - INFO - Processing: bloodResults_23092025.pdf (pages: 7)
2025-11-05 18:17:13,514 - __main__ - INFO - Table extraction found 1 table(s) across 7 page(s) for bloodResults_23092025.pdf
2025-11-05 18:17:13,535 - __main__ - INFO - No structured data extracted; attempting legacy text parser
2025-11-05 18:17:13,543 - src.database_handler - INFO - Inserted test results for test_id: 16
2025-11-05 18:17:13,543 - __main__ - INFO - Processed: bloodResults_23092025.pdf (4 total results extracted; pages parsed: 7)
2025-11-05 18:17:13,580 - __main__ - INFO - Processing: blood_28042025.PDF (pages: 6)
2025-11-05 18:17:14,645 - __main__ - INFO - Table extraction found 2 table(s) across 6 page(s) for blood_28042025.PDF
2025-11-05 18:17:14,664 - __main__ - INFO - No structured data extracted; attempting legacy text parser
2025-11-05 18:17:14,669 - src.database_handler - INFO - Inserted test results for test_id: 17
2025-11-05 18:17:14,669 - __main__ - INFO - Processed: blood_28042025.PDF (4 total results extracted; pages parsed: 6)
2025-11-05 18:17:14,701 - __main__ - INFO - Processing: blood_30012023.PDF (pages: 4)
2025-11-05 18:17:15,746 - __main__ - INFO - Table extraction found 2 table(s) across 4 page(s) for blood_30012023.PDF
2025-11-05 18:17:15,763 - __main__ - INFO - No structured data extracted; attempting legacy text parser
2025-11-05 18:17:15,769 - src.database_handler - INFO - Inserted test results for test_id: 18
2025-11-05 18:17:15,770 - __main__ - INFO - Processed: blood_30012023.PDF (4 total results extracted; pages parsed: 4)
2025-11-05 18:17:15,770 - __main__ - INFO - 
Processing complete!
2025-11-05 18:17:15,770 - __main__ - INFO - Total tests processed: 3
2025-11-05 18:17:15,770 - __main__ - INFO - Total results stored: 12
2025-11-05 18:17:15,770 - src.database_handler - INFO - Database connection closed
2025-11-05 18:17:15,771 - __main__ - INFO - === MS Blood Test Tracker Finished ===
2025-11-05 18:32:19,401 - __main__ - INFO - === MS Blood Test Tracker Started ===
2025-11-05 18:32:19,406 - src.database_handler - INFO - Connected to database: C:\smakryko\ms-blood-test-tracker\data\ms_blood_tests.db
2025-11-05 18:32:19,409 - src.database_handler - INFO - Database initialized successfully
2025-11-05 18:32:19,419 - src.pdf_reader - INFO - Using PDF library: pdfplumber
2025-11-05 18:32:19,422 - __main__ - INFO - Found 3 PDF file(s) to process
2025-11-05 18:32:19,498 - __main__ - INFO - Processing: bloodResults_23092025.pdf (pages: 7)
2025-11-05 18:32:20,374 - __main__ - INFO - Table extraction found 1 table(s) across 7 page(s) for bloodResults_23092025.pdf
2025-11-05 18:32:20,388 - __main__ - INFO - Extracted 15 results from tables
2025-11-05 18:32:20,403 - __main__ - INFO - Extracted 25 additional results from text
2025-11-05 18:32:20,410 - src.database_handler - INFO - Inserted test results for test_id: 19
2025-11-05 18:32:20,411 - __main__ - INFO - Processed: bloodResults_23092025.pdf (40 total results extracted; pages parsed: 7)
2025-11-05 18:32:20,470 - __main__ - INFO - Processing: blood_28042025.PDF (pages: 6)
2025-11-05 18:32:21,442 - __main__ - INFO - Table extraction found 2 table(s) across 6 page(s) for blood_28042025.PDF
2025-11-05 18:32:21,447 - __main__ - INFO - Extracted 15 results from tables
2025-11-05 18:32:21,460 - __main__ - INFO - Extracted 24 additional results from text
2025-11-05 18:32:21,466 - src.database_handler - INFO - Inserted test results for test_id: 20
2025-11-05 18:32:21,466 - __main__ - INFO - Processed: blood_28042025.PDF (39 total results extracted; pages parsed: 6)
2025-11-05 18:32:21,496 - __main__ - INFO - Processing: blood_30012023.PDF (pages: 4)
2025-11-05 18:32:22,433 - __main__ - INFO - Table extraction found 2 table(s) across 4 page(s) for blood_30012023.PDF
2025-11-05 18:32:22,437 - __main__ - INFO - Extracted 15 results from tables
2025-11-05 18:32:22,446 - __main__ - INFO - Extracted 22 additional results from text
2025-11-05 18:32:22,452 - src.database_handler - INFO - Inserted test results for test_id: 21
2025-11-05 18:32:22,452 - __main__ - INFO - Processed: blood_30012023.PDF (37 total results extracted; pages parsed: 4)
2025-11-05 18:32:22,452 - __main__ - INFO - 
Processing complete!
2025-11-05 18:32:22,453 - __main__ - INFO - Total tests processed: 3
2025-11-05 18:32:22,453 - __main__ - INFO - Total results stored: 116
2025-11-05 18:32:22,453 - src.database_handler - INFO - Database connection closed
2025-11-05 18:32:22,453 - __main__ - INFO - === MS Blood Test Tracker Finished ===
2025-11-05 18:40:15,527 - __main__ - INFO - === MS Blood Test Tracker Started ===
2025-11-05 18:40:15,532 - src.database_handler - INFO - Connected to database: C:\smakryko\ms-blood-test-tracker\data\ms_blood_tests.db
2025-11-05 18:40:15,534 - src.database_handler - INFO - Database initialized successfully
2025-11-05 18:40:15,548 - src.database_handler - INFO - Exported 94 deduplicated results to results_complete.csv
2025-11-05 18:40:15,549 - __main__ - INFO - Results exported to: results_complete.csv
2025-11-05 18:40:15,549 - src.database_handler - INFO - Database connection closed
2025-11-05 18:40:15,550 - __main__ - INFO - === MS Blood Test Tracker Finished ===
2025-11-06 11:05:12,327 - __main__ - INFO - === MS Blood Test Tracker Started ===
2025-11-06 11:05:12,349 - src.database_handler - INFO - Connected to database: C:\smakryko\ms-blood-test-tracker\data\ms_blood_tests.db
2025-11-06 11:05:12,387 - src.database_handler - INFO - Database initialized successfully
2025-11-06 11:05:12,395 - src.pdf_reader - INFO - Using PDF library: pdfplumber
2025-11-06 11:05:12,398 - __main__ - INFO - Found 3 PDF file(s) to process
2025-11-06 11:05:12,492 - __main__ - INFO - Processing: bloodResults_23092025.pdf (pages: 7)
2025-11-06 11:05:13,835 - __main__ - INFO - Table extraction found 1 table(s) across 7 page(s) for bloodResults_23092025.pdf
2025-11-06 11:05:13,852 - __main__ - INFO - Extracted 15 results from tables
2025-11-06 11:05:13,877 - __main__ - INFO - Extracted 25 additional results from text
2025-11-06 11:05:13,884 - src.database_handler - INFO - Inserted test results for test_id: 1
2025-11-06 11:05:13,884 - __main__ - INFO - Processed: bloodResults_23092025.pdf (40 total results extracted; pages parsed: 7)
2025-11-06 11:05:13,959 - __main__ - INFO - Processing: blood_28042025.PDF (pages: 6)
2025-11-06 11:05:15,371 - __main__ - INFO - Table extraction found 2 table(s) across 6 page(s) for blood_28042025.PDF
2025-11-06 11:05:15,377 - __main__ - INFO - Extracted 15 results from tables
2025-11-06 11:05:15,396 - __main__ - INFO - Extracted 24 additional results from text
2025-11-06 11:05:15,412 - src.database_handler - INFO - Inserted test results for test_id: 2
2025-11-06 11:05:15,412 - __main__ - INFO - Processed: blood_28042025.PDF (39 total results extracted; pages parsed: 6)
2025-11-06 11:05:15,461 - __main__ - INFO - Processing: blood_30012023.PDF (pages: 4)
2025-11-06 11:05:16,603 - __main__ - INFO - Table extraction found 2 table(s) across 4 page(s) for blood_30012023.PDF
2025-11-06 11:05:16,609 - __main__ - INFO - Extracted 15 results from tables
2025-11-06 11:05:16,623 - __main__ - INFO - Extracted 22 additional results from text
2025-11-06 11:05:16,629 - src.database_handler - INFO - Inserted test results for test_id: 3
2025-11-06 11:05:16,630 - __main__ - INFO - Processed: blood_30012023.PDF (37 total results extracted; pages parsed: 4)
2025-11-06 11:05:16,630 - __main__ - INFO - 
Processing complete!
2025-11-06 11:05:16,630 - __main__ - INFO - Total tests processed: 3
2025-11-06 11:05:16,631 - __main__ - INFO - Total results stored: 116
2025-11-06 11:05:16,631 - src.database_handler - INFO - Database connection closed
2025-11-06 11:05:16,631 - __main__ - INFO - === MS Blood Test Tracker Finished ===
2025-11-06 11:05:17,491 - __main__ - INFO - === MS Blood Test Tracker Started ===
2025-11-06 11:05:17,497 - src.database_handler - INFO - Connected to database: C:\smakryko\ms-blood-test-tracker\data\ms_blood_tests.db
2025-11-06 11:05:17,499 - src.database_handler - INFO - Database initialized successfully
2025-11-06 11:05:17,518 - src.database_handler - INFO - Exported 68 deduplicated results to results_complete.csv
2025-11-06 11:05:17,518 - __main__ - INFO - Results exported to: results_complete.csv
2025-11-06 11:05:17,519 - src.database_handler - INFO - Database connection closed
2025-11-06 11:05:17,520 - __main__ - INFO - === MS Blood Test Tracker Finished ===
2025-11-06 11:18:38,259 - __main__ - INFO - === MS Blood Test Tracker Started ===
2025-11-06 11:18:38,285 - src.database_handler - INFO - Connected to database: C:\smakryko\ms-blood-test-tracker\data\ms_blood_tests.db
2025-11-06 11:18:38,287 - src.database_handler - INFO - Database initialized successfully
2025-11-06 11:18:38,307 - src.database_handler - INFO - Exported 68 deduplicated results to results_complete.csv
2025-11-06 11:18:38,307 - __main__ - INFO - Results exported to: results_complete.csv
2025-11-06 11:18:38,308 - src.database_handler - INFO - Database connection closed
2025-11-06 11:18:38,308 - __main__ - INFO - === MS Blood Test Tracker Finished ===
2025-11-06 11:18:47,060 - __main__ - INFO - === MS Blood Test Tracker Started ===
2025-11-06 11:18:47,064 - src.database_handler - INFO - Connected to database: C:\smakryko\ms-blood-test-tracker\data\ms_blood_tests.db
2025-11-06 11:18:47,068 - src.database_handler - INFO - Database initialized successfully
2025-11-06 11:18:47,088 - src.database_handler - INFO - Exported 68 deduplicated results to results_complete.csv
2025-11-06 11:18:47,089 - __main__ - INFO - Results exported to: results_complete.csv
2025-11-06 11:18:47,089 - src.database_handler - INFO - Database connection closed
2025-11-06 11:18:47,089 - __main__ - INFO - === MS Blood Test Tracker Finished ===
2025-11-06 11:19:36,611 - __main__ - INFO - === MS Blood Test Tracker Started ===
2025-11-06 11:19:36,616 - src.database_handler - INFO - Connected to database: C:\smakryko\ms-blood-test-tracker\data\ms_blood_tests.db
2025-11-06 11:19:36,618 - src.database_handler - INFO - Database initialized successfully
2025-11-06 11:19:36,626 - src.pdf_reader - INFO - Using PDF library: pdfplumber
2025-11-06 11:19:36,630 - __main__ - INFO - Found 3 PDF file(s) to process
2025-11-06 11:19:36,699 - __main__ - INFO - Processing: bloodResults_23092025.pdf (pages: 7)
2025-11-06 11:19:37,917 - __main__ - INFO - Table extraction found 1 table(s) across 7 page(s) for bloodResults_23092025.pdf
2025-11-06 11:19:37,938 - __main__ - INFO - Extracted 15 results from tables
2025-11-06 11:19:37,969 - __main__ - INFO - Extracted 25 additional results from text
2025-11-06 11:19:37,977 - src.database_handler - INFO - Inserted test results for test_id: 4
2025-11-06 11:19:37,978 - __main__ - INFO - Processed: bloodResults_23092025.pdf (40 total results extracted; pages parsed: 7)
2025-11-06 11:19:38,073 - __main__ - INFO - Processing: blood_28042025.PDF (pages: 6)
2025-11-06 11:19:39,527 - __main__ - INFO - Table extraction found 2 table(s) across 6 page(s) for blood_28042025.PDF
2025-11-06 11:19:39,533 - __main__ - INFO - Extracted 15 results from tables
2025-11-06 11:19:39,551 - __main__ - INFO - Extracted 24 additional results from text
2025-11-06 11:19:39,559 - src.database_handler - INFO - Inserted test results for test_id: 5
2025-11-06 11:19:39,560 - __main__ - INFO - Processed: blood_28042025.PDF (39 total results extracted; pages parsed: 6)
2025-11-06 11:19:39,602 - __main__ - INFO - Processing: blood_30012023.PDF (pages: 4)
2025-11-06 11:19:40,808 - __main__ - INFO - Table extraction found 2 table(s) across 4 page(s) for blood_30012023.PDF
2025-11-06 11:19:40,816 - __main__ - INFO - Extracted 15 results from tables
2025-11-06 11:19:40,830 - __main__ - INFO - Extracted 22 additional results from text
2025-11-06 11:19:40,838 - src.database_handler - INFO - Inserted test results for test_id: 6
2025-11-06 11:19:40,838 - __main__ - INFO - Processed: blood_30012023.PDF (37 total results extracted; pages parsed: 4)
2025-11-06 11:19:40,839 - __main__ - INFO - 
Processing complete!
2025-11-06 11:19:40,839 - __main__ - INFO - Total tests processed: 3
2025-11-06 11:19:40,839 - __main__ - INFO - Total results stored: 116
2025-11-06 11:19:40,840 - src.database_handler - INFO - Database connection closed
2025-11-06 11:19:40,841 - __main__ - INFO - === MS Blood Test Tracker Finished ===
2025-11-06 11:19:41,599 - __main__ - INFO - === MS Blood Test Tracker Started ===
2025-11-06 11:19:41,605 - src.database_handler - INFO - Connected to database: C:\smakryko\ms-blood-test-tracker\data\ms_blood_tests.db
2025-11-06 11:19:41,607 - src.database_handler - INFO - Database initialized successfully
2025-11-06 11:19:41,624 - src.database_handler - INFO - Exported 68 deduplicated results to results_complete.csv
2025-11-06 11:19:41,625 - __main__ - INFO - Results exported to: results_complete.csv
2025-11-06 11:19:41,626 - src.database_handler - INFO - Database connection closed
2025-11-06 11:19:41,626 - __main__ - INFO - === MS Blood Test Tracker Finished ===
2025-11-06 11:20:30,742 - __main__ - INFO - === MS Blood Test Tracker Started ===
2025-11-06 11:20:30,749 - src.database_handler - INFO - Connected to database: C:\smakryko\ms-blood-test-tracker\data\ms_blood_tests.db
2025-11-06 11:20:30,790 - src.database_handler - INFO - Database initialized successfully
2025-11-06 11:20:30,801 - src.pdf_reader - INFO - Using PDF library: pdfplumber
2025-11-06 11:20:30,805 - __main__ - INFO - Found 3 PDF file(s) to process
2025-11-06 11:20:30,867 - __main__ - INFO - Processing: bloodResults_23092025.pdf (pages: 7)
2025-11-06 11:20:32,077 - __main__ - INFO - Table extraction found 1 table(s) across 7 page(s) for bloodResults_23092025.pdf
2025-11-06 11:20:32,093 - __main__ - INFO - Extracted 15 results from tables
2025-11-06 11:20:32,116 - __main__ - INFO - Extracted 25 additional results from text
2025-11-06 11:20:32,125 - src.database_handler - INFO - Inserted test results for test_id: 1
2025-11-06 11:20:32,126 - __main__ - INFO - Processed: bloodResults_23092025.pdf (40 total results extracted; pages parsed: 7)
2025-11-06 11:20:32,169 - __main__ - INFO - Processing: blood_28042025.PDF (pages: 6)
2025-11-06 11:20:33,590 - __main__ - INFO - Table extraction found 2 table(s) across 6 page(s) for blood_28042025.PDF
2025-11-06 11:20:33,597 - __main__ - INFO - Extracted 15 results from tables
2025-11-06 11:20:33,622 - __main__ - INFO - Extracted 24 additional results from text
2025-11-06 11:20:33,636 - src.database_handler - INFO - Inserted test results for test_id: 2
2025-11-06 11:20:33,636 - __main__ - INFO - Processed: blood_28042025.PDF (39 total results extracted; pages parsed: 6)
2025-11-06 11:20:33,675 - __main__ - INFO - Processing: blood_30012023.PDF (pages: 4)
2025-11-06 11:20:34,807 - __main__ - INFO - Table extraction found 2 table(s) across 4 page(s) for blood_30012023.PDF
2025-11-06 11:20:34,813 - __main__ - INFO - Extracted 15 results from tables
2025-11-06 11:20:34,825 - __main__ - INFO - Extracted 22 additional results from text
2025-11-06 11:20:34,835 - src.database_handler - INFO - Inserted test results for test_id: 3
2025-11-06 11:20:34,835 - __main__ - INFO - Processed: blood_30012023.PDF (37 total results extracted; pages parsed: 4)
2025-11-06 11:20:34,836 - __main__ - INFO - 
Processing complete!
2025-11-06 11:20:34,836 - __main__ - INFO - Total tests processed: 3
2025-11-06 11:20:34,836 - __main__ - INFO - Total results stored: 116
2025-11-06 11:20:34,837 - src.database_handler - INFO - Database connection closed
2025-11-06 11:20:34,837 - __main__ - INFO - === MS Blood Test Tracker Finished ===
2025-11-06 11:20:35,833 - __main__ - INFO - === MS Blood Test Tracker Started ===
2025-11-06 11:20:35,839 - src.database_handler - INFO - Connected to database: C:\smakryko\ms-blood-test-tracker\data\ms_blood_tests.db
2025-11-06 11:20:35,842 - src.database_handler - INFO - Database initialized successfully
2025-11-06 11:20:35,860 - src.database_handler - INFO - Exported 68 deduplicated results to results_complete.csv
2025-11-06 11:20:35,861 - __main__ - INFO - Results exported to: results_complete.csv
2025-11-06 11:20:35,862 - src.database_handler - INFO - Database connection closed
2025-11-06 11:20:35,862 - __main__ - INFO - === MS Blood Test Tracker Finished ===
2025-11-06 11:21:42,819 - __main__ - INFO - === MS Blood Test Tracker Started ===
2025-11-06 11:21:42,826 - src.database_handler - INFO - Connected to database: C:\smakryko\ms-blood-test-tracker\data\ms_blood_tests.db
2025-11-06 11:21:42,829 - src.database_handler - INFO - Database initialized successfully
2025-11-06 11:21:42,842 - src.pdf_reader - INFO - Using PDF library: pdfplumber
2025-11-06 11:21:42,846 - __main__ - INFO - Found 3 PDF file(s) to process
2025-11-06 11:21:42,915 - __main__ - INFO - Processing: bloodResults_23092025.pdf (pages: 7)
2025-11-06 11:21:44,332 - __main__ - INFO - Table extraction found 1 table(s) across 7 page(s) for bloodResults_23092025.pdf
2025-11-06 11:21:44,349 - __main__ - INFO - Extracted 15 results from tables
2025-11-06 11:21:44,371 - __main__ - INFO - Extracted 25 additional results from text
2025-11-06 11:21:44,379 - src.database_handler - INFO - Inserted test results for test_id: 4
2025-11-06 11:21:44,380 - __main__ - INFO - Processed: bloodResults_23092025.pdf (40 total results extracted; pages parsed: 7)
2025-11-06 11:21:44,435 - __main__ - INFO - Processing: blood_28042025.PDF (pages: 6)
2025-11-06 11:21:45,811 - __main__ - INFO - Table extraction found 2 table(s) across 6 page(s) for blood_28042025.PDF
2025-11-06 11:21:45,818 - __main__ - INFO - Extracted 15 results from tables
2025-11-06 11:21:45,836 - __main__ - INFO - Extracted 24 additional results from text
2025-11-06 11:21:45,855 - src.database_handler - INFO - Inserted test results for test_id: 5
2025-11-06 11:21:45,855 - __main__ - INFO - Processed: blood_28042025.PDF (39 total results extracted; pages parsed: 6)
2025-11-06 11:21:45,900 - __main__ - INFO - Processing: blood_30012023.PDF (pages: 4)
2025-11-06 11:21:46,934 - __main__ - INFO - Table extraction found 2 table(s) across 4 page(s) for blood_30012023.PDF
2025-11-06 11:21:46,940 - __main__ - INFO - Extracted 15 results from tables
2025-11-06 11:21:46,956 - __main__ - INFO - Extracted 22 additional results from text
2025-11-06 11:21:46,966 - src.database_handler - INFO - Inserted test results for test_id: 6
2025-11-06 11:21:46,967 - __main__ - INFO - Processed: blood_30012023.PDF (37 total results extracted; pages parsed: 4)
2025-11-06 11:21:46,967 - __main__ - INFO - 
Processing complete!
2025-11-06 11:21:46,967 - __main__ - INFO - Total tests processed: 3
2025-11-06 11:21:46,968 - __main__ - INFO - Total results stored: 116
2025-11-06 11:21:46,968 - src.database_handler - INFO - Database connection closed
2025-11-06 11:21:46,968 - __main__ - INFO - === MS Blood Test Tracker Finished ===
2025-11-06 11:21:47,741 - __main__ - INFO - === MS Blood Test Tracker Started ===
2025-11-06 11:21:47,746 - src.database_handler - INFO - Connected to database: C:\smakryko\ms-blood-test-tracker\data\ms_blood_tests.db
2025-11-06 11:21:47,748 - src.database_handler - INFO - Database initialized successfully
2025-11-06 11:21:47,764 - src.database_handler - INFO - Exported 68 deduplicated results to results_complete.csv
2025-11-06 11:21:47,764 - __main__ - INFO - Results exported to: results_complete.csv
2025-11-06 11:21:47,765 - src.database_handler - INFO - Database connection closed
2025-11-06 11:21:47,765 - __main__ - INFO - === MS Blood Test Tracker Finished ===
2025-11-06 11:27:29,943 - __main__ - INFO - === MS Blood Test Tracker Started ===
2025-11-06 11:27:29,949 - src.database_handler - INFO - Connected to database: C:\smakryko\ms-blood-test-tracker\data\ms_blood_tests.db
2025-11-06 11:27:29,952 - src.database_handler - ERROR - Error initializing database: no such column: test_date
2025-11-06 11:44:03,312 - __main__ - INFO - === MS Blood Test Tracker Started ===
2025-11-06 11:44:03,317 - src.database_handler - INFO - Connected to database: C:\smakryko\ms-blood-test-tracker\data\ms_blood_tests.db
2025-11-06 11:44:03,320 - src.database_handler - INFO - Migrating schema: adding category_code column to test_results
2025-11-06 11:44:03,320 - src.database_handler - ERROR - Schema migration failed: no such table: test_results
2025-11-06 11:44:03,375 - src.database_handler - INFO - Database initialized successfully
2025-11-06 11:44:03,385 - src.pdf_reader - INFO - Using PDF library: pdfplumber
2025-11-06 11:44:03,391 - __main__ - INFO - Found 3 PDF file(s) to process
2025-11-06 11:44:03,461 - __main__ - INFO - Processing: bloodResults_23092025.pdf (pages: 7)
2025-11-06 11:44:04,718 - __main__ - INFO - Table extraction found 1 table(s) across 7 page(s) for bloodResults_23092025.pdf
2025-11-06 11:44:04,733 - __main__ - INFO - Extracted 15 results from tables
2025-11-06 11:44:04,756 - __main__ - INFO - Extracted 25 additional results from text
2025-11-06 11:44:04,766 - src.database_handler - INFO - Inserted test results for test_id: 1
2025-11-06 11:44:04,766 - __main__ - INFO - Processed: bloodResults_23092025.pdf (40 total results extracted; pages parsed: 7)
2025-11-06 11:44:04,822 - __main__ - INFO - Processing: blood_28042025.PDF (pages: 6)
2025-11-06 11:44:06,323 - __main__ - INFO - Table extraction found 2 table(s) across 6 page(s) for blood_28042025.PDF
2025-11-06 11:44:06,330 - __main__ - INFO - Extracted 15 results from tables
2025-11-06 11:44:06,351 - __main__ - INFO - Extracted 24 additional results from text
2025-11-06 11:44:06,362 - src.database_handler - INFO - Inserted test results for test_id: 2
2025-11-06 11:44:06,362 - __main__ - INFO - Processed: blood_28042025.PDF (39 total results extracted; pages parsed: 6)
2025-11-06 11:44:06,415 - __main__ - INFO - Processing: blood_30012023.PDF (pages: 4)
2025-11-06 11:44:07,589 - __main__ - INFO - Table extraction found 2 table(s) across 4 page(s) for blood_30012023.PDF
2025-11-06 11:44:07,595 - __main__ - INFO - Extracted 15 results from tables
2025-11-06 11:44:07,609 - __main__ - INFO - Extracted 22 additional results from text
2025-11-06 11:44:07,620 - src.database_handler - INFO - Inserted test results for test_id: 3
2025-11-06 11:44:07,621 - __main__ - INFO - Processed: blood_30012023.PDF (37 total results extracted; pages parsed: 4)
2025-11-06 11:44:07,622 - __main__ - INFO - 
Processing complete!
2025-11-06 11:44:07,622 - __main__ - INFO - Total tests processed: 3
2025-11-06 11:44:07,623 - __main__ - INFO - Total results stored: 116
2025-11-06 11:44:07,624 - src.database_handler - INFO - Database connection closed
2025-11-06 11:44:07,624 - __main__ - INFO - === MS Blood Test Tracker Finished ===
2025-11-06 11:44:08,506 - __main__ - INFO - === MS Blood Test Tracker Started ===
2025-11-06 11:44:08,512 - src.database_handler - INFO - Connected to database: C:\smakryko\ms-blood-test-tracker\data\ms_blood_tests.db
2025-11-06 11:44:08,515 - src.database_handler - INFO - Database initialized successfully
2025-11-06 11:44:08,531 - src.database_handler - INFO - Exported 68 deduplicated results to results_complete.csv
2025-11-06 11:44:08,532 - __main__ - INFO - Results exported to: results_complete.csv
2025-11-06 11:44:08,532 - src.database_handler - INFO - Database connection closed
2025-11-06 11:44:08,532 - __main__ - INFO - === MS Blood Test Tracker Finished ===
2025-11-06 12:00:02,573 - __main__ - INFO - === MS Blood Test Tracker Started ===
2025-11-06 12:00:02,577 - src.database_handler - INFO - Connected to database: C:\smakryko\ms-blood-test-tracker\data\ms_blood_tests.db
2025-11-06 12:00:02,578 - src.database_handler - INFO - Database initialized successfully
2025-11-06 12:00:02,587 - src.pdf_reader - INFO - Using PDF library: pdfplumber
2025-11-06 12:00:02,589 - __main__ - INFO - Found 3 PDF file(s) to process
2025-11-06 12:00:02,636 - __main__ - INFO - Processing: bloodResults_23092025.pdf (pages: 7)
2025-11-06 12:00:03,902 - __main__ - INFO - Table extraction found 1 table(s) across 7 page(s) for bloodResults_23092025.pdf
2025-11-06 12:00:03,925 - __main__ - INFO - Extracted 15 results from tables
2025-11-06 12:00:03,944 - __main__ - INFO - Extracted 34 additional results from text
2025-11-06 12:00:03,954 - src.database_handler - INFO - Inserted test results for test_id: 4
2025-11-06 12:00:03,954 - __main__ - INFO - Processed: bloodResults_23092025.pdf (49 total results extracted; pages parsed: 7)
2025-11-06 12:00:04,002 - __main__ - INFO - Processing: blood_28042025.PDF (pages: 6)
2025-11-06 12:00:05,531 - __main__ - INFO - Table extraction found 2 table(s) across 6 page(s) for blood_28042025.PDF
2025-11-06 12:00:05,543 - __main__ - INFO - Extracted 15 results from tables
2025-11-06 12:00:05,561 - __main__ - INFO - Extracted 32 additional results from text
2025-11-06 12:00:05,571 - src.database_handler - INFO - Inserted test results for test_id: 5
2025-11-06 12:00:05,571 - __main__ - INFO - Processed: blood_28042025.PDF (47 total results extracted; pages parsed: 6)
2025-11-06 12:00:05,620 - __main__ - INFO - Processing: blood_30012023.PDF (pages: 4)
2025-11-06 12:00:06,855 - __main__ - INFO - Table extraction found 2 table(s) across 4 page(s) for blood_30012023.PDF
2025-11-06 12:00:06,866 - __main__ - INFO - Extracted 15 results from tables
2025-11-06 12:00:06,879 - __main__ - INFO - Extracted 26 additional results from text
2025-11-06 12:00:06,889 - src.database_handler - INFO - Inserted test results for test_id: 6
2025-11-06 12:00:06,890 - __main__ - INFO - Processed: blood_30012023.PDF (41 total results extracted; pages parsed: 4)
2025-11-06 12:00:06,890 - __main__ - INFO - 
Processing complete!
2025-11-06 12:00:06,890 - __main__ - INFO - Total tests processed: 3
2025-11-06 12:00:06,890 - __main__ - INFO - Total results stored: 137
2025-11-06 12:00:06,890 - src.database_handler - INFO - Database connection closed
2025-11-06 12:00:06,891 - __main__ - INFO - === MS Blood Test Tracker Finished ===
2025-11-06 12:01:14,048 - __main__ - INFO - === MS Blood Test Tracker Started ===
2025-11-06 12:01:14,052 - src.database_handler - INFO - Connected to database: C:\smakryko\ms-blood-test-tracker\data\ms_blood_tests.db
2025-11-06 12:01:14,053 - src.database_handler - INFO - Database initialized successfully
2025-11-06 12:01:14,059 - src.pdf_reader - INFO - Using PDF library: pdfplumber
2025-11-06 12:01:14,062 - __main__ - INFO - Found 3 PDF file(s) to process
2025-11-06 12:01:14,109 - __main__ - INFO - Processing: bloodResults_23092025.pdf (pages: 7)
2025-11-06 12:01:15,099 - __main__ - INFO - Table extraction found 1 table(s) across 7 page(s) for bloodResults_23092025.pdf
2025-11-06 12:01:15,119 - __main__ - INFO - Extracted 15 results from tables
2025-11-06 12:01:15,143 - __main__ - INFO - Extracted 34 additional results from text
2025-11-06 12:01:15,154 - src.database_handler - INFO - Inserted test results for test_id: 7
2025-11-06 12:01:15,155 - __main__ - INFO - Processed: bloodResults_23092025.pdf (49 total results extracted; pages parsed: 7)
2025-11-06 12:01:15,191 - __main__ - INFO - Processing: blood_28042025.PDF (pages: 6)
2025-11-06 12:01:16,485 - __main__ - INFO - Table extraction found 2 table(s) across 6 page(s) for blood_28042025.PDF
2025-11-06 12:01:16,493 - __main__ - INFO - Extracted 15 results from tables
2025-11-06 12:01:16,505 - __main__ - INFO - Extracted 32 additional results from text
2025-11-06 12:01:16,513 - src.database_handler - INFO - Inserted test results for test_id: 8
2025-11-06 12:01:16,514 - __main__ - INFO - Processed: blood_28042025.PDF (47 total results extracted; pages parsed: 6)
2025-11-06 12:01:16,545 - __main__ - INFO - Processing: blood_30012023.PDF (pages: 4)
2025-11-06 12:01:17,515 - __main__ - INFO - Table extraction found 2 table(s) across 4 page(s) for blood_30012023.PDF
2025-11-06 12:01:17,522 - __main__ - INFO - Extracted 15 results from tables
2025-11-06 12:01:17,533 - __main__ - INFO - Extracted 26 additional results from text
2025-11-06 12:01:17,542 - src.database_handler - INFO - Inserted test results for test_id: 9
2025-11-06 12:01:17,542 - __main__ - INFO - Processed: blood_30012023.PDF (41 total results extracted; pages parsed: 4)
2025-11-06 12:01:17,543 - __main__ - INFO - 
Processing complete!
2025-11-06 12:01:17,543 - __main__ - INFO - Total tests processed: 3
2025-11-06 12:01:17,543 - __main__ - INFO - Total results stored: 137
2025-11-06 12:01:17,544 - src.database_handler - INFO - Database connection closed
2025-11-06 12:01:17,544 - __main__ - INFO - === MS Blood Test Tracker Finished ===
2025-11-06 12:01:18,274 - __main__ - INFO - === MS Blood Test Tracker Started ===
2025-11-06 12:01:18,279 - src.database_handler - INFO - Connected to database: C:\smakryko\ms-blood-test-tracker\data\ms_blood_tests.db
2025-11-06 12:01:18,283 - src.database_handler - INFO - Database initialized successfully
2025-11-06 12:01:18,299 - src.database_handler - INFO - Exported 89 deduplicated results to results_complete.csv
2025-11-06 12:01:18,300 - __main__ - INFO - Results exported to: results_complete.csv
2025-11-06 12:01:18,301 - src.database_handler - INFO - Database connection closed
2025-11-06 12:01:18,301 - __main__ - INFO - === MS Blood Test Tracker Finished ===
2025-11-06 12:06:03,353 - __main__ - INFO - === MS Blood Test Tracker Started ===
2025-11-06 12:06:03,358 - src.database_handler - INFO - Connected to database: C:\smakryko\ms-blood-test-tracker\data\ms_blood_tests.db
2025-11-06 12:06:03,360 - src.database_handler - INFO - Database initialized successfully
2025-11-06 12:06:03,369 - src.pdf_reader - INFO - Using PDF library: pdfplumber
2025-11-06 12:06:03,371 - __main__ - INFO - Found 3 PDF file(s) to process
2025-11-06 12:06:03,408 - __main__ - INFO - Processing: bloodResults_23092025.pdf (pages: 7)
2025-11-06 12:06:04,277 - __main__ - INFO - Table extraction found 1 table(s) across 7 page(s) for bloodResults_23092025.pdf
2025-11-06 12:06:04,291 - __main__ - INFO - Extracted 15 results from tables
2025-11-06 12:06:04,305 - __main__ - INFO - Extracted 34 additional results from text
2025-11-06 12:06:04,312 - src.database_handler - INFO - Inserted test results for test_id: 10
2025-11-06 12:06:04,312 - __main__ - INFO - Processed: bloodResults_23092025.pdf (49 total results extracted; pages parsed: 7)
2025-11-06 12:06:04,342 - __main__ - INFO - Processing: blood_28042025.PDF (pages: 6)
2025-11-06 12:06:05,521 - __main__ - INFO - Table extraction found 2 table(s) across 6 page(s) for blood_28042025.PDF
2025-11-06 12:06:05,534 - __main__ - INFO - Extracted 15 results from tables
2025-11-06 12:06:05,556 - __main__ - INFO - Extracted 32 additional results from text
2025-11-06 12:06:05,567 - src.database_handler - INFO - Inserted test results for test_id: 11
2025-11-06 12:06:05,567 - __main__ - INFO - Processed: blood_28042025.PDF (47 total results extracted; pages parsed: 6)
2025-11-06 12:06:05,630 - __main__ - INFO - Processing: blood_30012023.PDF (pages: 4)
2025-11-06 12:06:06,763 - __main__ - INFO - Table extraction found 2 table(s) across 4 page(s) for blood_30012023.PDF
2025-11-06 12:06:06,770 - __main__ - INFO - Extracted 15 results from tables
2025-11-06 12:06:06,779 - __main__ - INFO - Extracted 26 additional results from text
2025-11-06 12:06:06,789 - src.database_handler - INFO - Inserted test results for test_id: 12
2025-11-06 12:06:06,789 - __main__ - INFO - Processed: blood_30012023.PDF (41 total results extracted; pages parsed: 4)
2025-11-06 12:06:06,789 - __main__ - INFO - 
Processing complete!
2025-11-06 12:06:06,789 - __main__ - INFO - Total tests processed: 3
2025-11-06 12:06:06,789 - __main__ - INFO - Total results stored: 137
2025-11-06 12:06:06,790 - src.database_handler - INFO - Database connection closed
2025-11-06 12:06:06,790 - __main__ - INFO - === MS Blood Test Tracker Finished ===
2025-11-06 12:06:47,412 - __main__ - INFO - === MS Blood Test Tracker Started ===
2025-11-06 12:06:47,417 - src.database_handler - INFO - Connected to database: C:\smakryko\ms-blood-test-tracker\data\ms_blood_tests.db
2025-11-06 12:06:47,418 - src.database_handler - INFO - Migrating schema: adding category_code column to test_results
2025-11-06 12:06:47,418 - src.database_handler - ERROR - Schema migration failed: no such table: test_results
2025-11-06 12:06:47,456 - src.database_handler - INFO - Database initialized successfully
2025-11-06 12:06:47,464 - src.pdf_reader - INFO - Using PDF library: pdfplumber
2025-11-06 12:06:47,467 - __main__ - INFO - Found 3 PDF file(s) to process
2025-11-06 12:06:47,513 - __main__ - INFO - Processing: bloodResults_23092025.pdf (pages: 7)
2025-11-06 12:06:48,408 - __main__ - INFO - Table extraction found 1 table(s) across 7 page(s) for bloodResults_23092025.pdf
2025-11-06 12:06:48,421 - __main__ - INFO - Extracted 15 results from tables
2025-11-06 12:06:48,434 - __main__ - INFO - Extracted 34 additional results from text
2025-11-06 12:06:48,440 - src.database_handler - INFO - Inserted test results for test_id: 1
2025-11-06 12:06:48,440 - __main__ - INFO - Processed: bloodResults_23092025.pdf (49 total results extracted; pages parsed: 7)
2025-11-06 12:06:48,474 - __main__ - INFO - Processing: blood_28042025.PDF (pages: 6)
2025-11-06 12:06:49,679 - __main__ - INFO - Table extraction found 2 table(s) across 6 page(s) for blood_28042025.PDF
2025-11-06 12:06:49,687 - __main__ - INFO - Extracted 15 results from tables
2025-11-06 12:06:49,702 - __main__ - INFO - Extracted 32 additional results from text
2025-11-06 12:06:49,708 - src.database_handler - INFO - Inserted test results for test_id: 2
2025-11-06 12:06:49,709 - __main__ - INFO - Processed: blood_28042025.PDF (47 total results extracted; pages parsed: 6)
2025-11-06 12:06:49,753 - __main__ - INFO - Processing: blood_30012023.PDF (pages: 4)
2025-11-06 12:06:50,694 - __main__ - INFO - Table extraction found 2 table(s) across 4 page(s) for blood_30012023.PDF
2025-11-06 12:06:50,702 - __main__ - INFO - Extracted 15 results from tables
2025-11-06 12:06:50,711 - __main__ - INFO - Extracted 26 additional results from text
2025-11-06 12:06:50,718 - src.database_handler - INFO - Inserted test results for test_id: 3
2025-11-06 12:06:50,718 - __main__ - INFO - Processed: blood_30012023.PDF (41 total results extracted; pages parsed: 4)
2025-11-06 12:06:50,718 - __main__ - INFO - 
Processing complete!
2025-11-06 12:06:50,718 - __main__ - INFO - Total tests processed: 3
2025-11-06 12:06:50,718 - __main__ - INFO - Total results stored: 137
2025-11-06 12:06:50,718 - src.database_handler - INFO - Database connection closed
2025-11-06 12:06:50,718 - __main__ - INFO - === MS Blood Test Tracker Finished ===
2025-11-06 12:06:51,506 - __main__ - INFO - === MS Blood Test Tracker Started ===
2025-11-06 12:06:51,510 - src.database_handler - INFO - Connected to database: C:\smakryko\ms-blood-test-tracker\data\ms_blood_tests.db
2025-11-06 12:06:51,513 - src.database_handler - INFO - Database initialized successfully
2025-11-06 12:06:51,527 - src.database_handler - INFO - Exported 89 deduplicated results to results_complete.csv
2025-11-06 12:06:51,527 - __main__ - INFO - Results exported to: results_complete.csv
2025-11-06 12:06:51,528 - src.database_handler - INFO - Database connection closed
2025-11-06 12:06:51,528 - __main__ - INFO - === MS Blood Test Tracker Finished ===
2025-11-06 12:12:31,956 - __main__ - INFO - === MS Blood Test Tracker Started ===
2025-11-06 12:12:31,974 - src.database_handler - INFO - Connected to database: C:\smakryko\ms-blood-test-tracker\data\ms_blood_tests.db
2025-11-06 12:12:31,976 - src.database_handler - INFO - Database initialized successfully
2025-11-06 12:12:31,983 - src.pdf_reader - INFO - Using PDF library: pdfplumber
2025-11-06 12:12:31,985 - __main__ - INFO - Found 3 PDF file(s) to process
2025-11-06 12:12:32,044 - __main__ - INFO - Processing: bloodResults_23092025.pdf (pages: 7)
2025-11-06 12:12:32,985 - __main__ - INFO - Table extraction found 1 table(s) across 7 page(s) for bloodResults_23092025.pdf
2025-11-06 12:12:32,999 - __main__ - INFO - Extracted 15 results from tables
2025-11-06 12:12:33,012 - __main__ - INFO - Extracted 34 additional results from text
2025-11-06 12:12:33,020 - src.database_handler - INFO - Inserted test results for test_id: 4
2025-11-06 12:12:33,020 - __main__ - INFO - Processed: bloodResults_23092025.pdf (49 total results extracted; pages parsed: 7)
2025-11-06 12:12:33,080 - __main__ - INFO - Processing: blood_28042025.PDF (pages: 6)
2025-11-06 12:12:34,274 - __main__ - INFO - Table extraction found 2 table(s) across 6 page(s) for blood_28042025.PDF
2025-11-06 12:12:34,282 - __main__ - INFO - Extracted 15 results from tables
2025-11-06 12:12:34,296 - __main__ - INFO - Extracted 32 additional results from text
2025-11-06 12:12:34,304 - src.database_handler - INFO - Inserted test results for test_id: 5
2025-11-06 12:12:34,305 - __main__ - INFO - Processed: blood_28042025.PDF (47 total results extracted; pages parsed: 6)
2025-11-06 12:12:34,344 - __main__ - INFO - Processing: blood_30012023.PDF (pages: 4)
2025-11-06 12:12:35,285 - __main__ - INFO - Table extraction found 2 table(s) across 4 page(s) for blood_30012023.PDF
2025-11-06 12:12:35,293 - __main__ - INFO - Extracted 15 results from tables
2025-11-06 12:12:35,301 - __main__ - INFO - Extracted 26 additional results from text
2025-11-06 12:12:35,308 - src.database_handler - INFO - Inserted test results for test_id: 6
2025-11-06 12:12:35,308 - __main__ - INFO - Processed: blood_30012023.PDF (41 total results extracted; pages parsed: 4)
2025-11-06 12:12:35,308 - __main__ - INFO - 
Processing complete!
2025-11-06 12:12:35,308 - __main__ - INFO - Total tests processed: 3
2025-11-06 12:12:35,308 - __main__ - INFO - Total results stored: 137
2025-11-06 12:12:35,308 - src.database_handler - INFO - Database connection closed
2025-11-06 12:12:35,309 - __main__ - INFO - === MS Blood Test Tracker Finished ===
2025-11-06 12:12:36,039 - __main__ - INFO - === MS Blood Test Tracker Started ===
2025-11-06 12:12:36,045 - src.database_handler - INFO - Connected to database: C:\smakryko\ms-blood-test-tracker\data\ms_blood_tests.db
2025-11-06 12:12:36,046 - src.database_handler - INFO - Database initialized successfully
2025-11-06 12:12:36,059 - src.database_handler - INFO - Exported 154 deduplicated results to results_complete.csv
2025-11-06 12:12:36,060 - __main__ - INFO - Results exported to: results_complete.csv
2025-11-06 12:12:36,060 - src.database_handler - INFO - Database connection closed
2025-11-06 12:12:36,060 - __main__ - INFO - === MS Blood Test Tracker Finished ===
2025-11-06 12:21:27,236 - __main__ - INFO - === MS Blood Test Tracker Started ===
2025-11-06 12:21:27,239 - src.database_handler - INFO - Connected to database: C:\smakryko\ms-blood-test-tracker\data\ms_blood_tests.db
2025-11-06 12:21:27,241 - src.database_handler - INFO - Database initialized successfully
2025-11-06 12:21:27,248 - src.pdf_reader - INFO - Using PDF library: pdfplumber
2025-11-06 12:21:27,250 - __main__ - INFO - Found 3 PDF file(s) to process
2025-11-06 12:21:27,292 - __main__ - INFO - Processing: bloodResults_23092025.pdf (pages: 7)
2025-11-06 12:21:28,305 - __main__ - INFO - Table extraction found 1 table(s) across 7 page(s) for bloodResults_23092025.pdf
2025-11-06 12:21:28,318 - __main__ - INFO - Extracted 15 results from tables
2025-11-06 12:21:28,337 - __main__ - INFO - Extracted 37 additional results from text
2025-11-06 12:21:28,343 - src.database_handler - INFO - Inserted test results for test_id: 7
2025-11-06 12:21:28,344 - __main__ - INFO - Processed: bloodResults_23092025.pdf (52 total results extracted; pages parsed: 7)
2025-11-06 12:21:28,372 - __main__ - INFO - Processing: blood_28042025.PDF (pages: 6)
2025-11-06 12:21:29,669 - __main__ - INFO - Table extraction found 2 table(s) across 6 page(s) for blood_28042025.PDF
2025-11-06 12:21:29,676 - __main__ - INFO - Extracted 15 results from tables
2025-11-06 12:21:29,689 - __main__ - INFO - Extracted 33 additional results from text
2025-11-06 12:21:29,695 - src.database_handler - INFO - Inserted test results for test_id: 8
2025-11-06 12:21:29,695 - __main__ - INFO - Processed: blood_28042025.PDF (48 total results extracted; pages parsed: 6)
2025-11-06 12:21:29,723 - __main__ - INFO - Processing: blood_30012023.PDF (pages: 4)
2025-11-06 12:21:30,543 - __main__ - INFO - Table extraction found 2 table(s) across 4 page(s) for blood_30012023.PDF
2025-11-06 12:21:30,550 - __main__ - INFO - Extracted 15 results from tables
2025-11-06 12:21:30,559 - __main__ - INFO - Extracted 26 additional results from text
2025-11-06 12:21:30,565 - src.database_handler - INFO - Inserted test results for test_id: 9
2025-11-06 12:21:30,565 - __main__ - INFO - Processed: blood_30012023.PDF (41 total results extracted; pages parsed: 4)
2025-11-06 12:21:30,565 - __main__ - INFO - 
Processing complete!
2025-11-06 12:21:30,565 - __main__ - INFO - Total tests processed: 3
2025-11-06 12:21:30,566 - __main__ - INFO - Total results stored: 141
2025-11-06 12:21:30,566 - src.database_handler - INFO - Database connection closed
2025-11-06 12:21:30,566 - __main__ - INFO - === MS Blood Test Tracker Finished ===
2025-11-06 12:22:19,618 - __main__ - INFO - === MS Blood Test Tracker Started ===
2025-11-06 12:22:19,621 - src.database_handler - INFO - Connected to database: C:\smakryko\ms-blood-test-tracker\data\ms_blood_tests.db
2025-11-06 12:22:19,623 - src.database_handler - INFO - Database initialized successfully
2025-11-06 12:22:19,629 - src.pdf_reader - INFO - Using PDF library: pdfplumber
2025-11-06 12:22:19,631 - __main__ - INFO - Found 3 PDF file(s) to process
2025-11-06 12:22:19,668 - __main__ - INFO - Processing: bloodResults_23092025.pdf (pages: 7)
2025-11-06 12:22:20,662 - __main__ - INFO - Table extraction found 1 table(s) across 7 page(s) for bloodResults_23092025.pdf
2025-11-06 12:22:20,677 - __main__ - INFO - Extracted 15 results from tables
2025-11-06 12:22:20,691 - __main__ - INFO - Extracted 37 additional results from text
2025-11-06 12:22:20,700 - src.database_handler - INFO - Inserted test results for test_id: 10
2025-11-06 12:22:20,700 - __main__ - INFO - Processed: bloodResults_23092025.pdf (52 total results extracted; pages parsed: 7)
2025-11-06 12:22:20,731 - __main__ - INFO - Processing: blood_28042025.PDF (pages: 6)
2025-11-06 12:22:22,049 - __main__ - INFO - Table extraction found 2 table(s) across 6 page(s) for blood_28042025.PDF
2025-11-06 12:22:22,060 - __main__ - INFO - Extracted 15 results from tables
2025-11-06 12:22:22,081 - __main__ - INFO - Extracted 33 additional results from text
2025-11-06 12:22:22,090 - src.database_handler - INFO - Inserted test results for test_id: 11
2025-11-06 12:22:22,090 - __main__ - INFO - Processed: blood_28042025.PDF (48 total results extracted; pages parsed: 6)
2025-11-06 12:22:22,130 - __main__ - INFO - Processing: blood_30012023.PDF (pages: 4)
2025-11-06 12:22:23,264 - __main__ - INFO - Table extraction found 2 table(s) across 4 page(s) for blood_30012023.PDF
2025-11-06 12:22:23,274 - __main__ - INFO - Extracted 15 results from tables
2025-11-06 12:22:23,283 - __main__ - INFO - Extracted 26 additional results from text
2025-11-06 12:22:23,290 - src.database_handler - INFO - Inserted test results for test_id: 12
2025-11-06 12:22:23,290 - __main__ - INFO - Processed: blood_30012023.PDF (41 total results extracted; pages parsed: 4)
2025-11-06 12:22:23,290 - __main__ - INFO - 
Processing complete!
2025-11-06 12:22:23,290 - __main__ - INFO - Total tests processed: 3
2025-11-06 12:22:23,290 - __main__ - INFO - Total results stored: 141
2025-11-06 12:22:23,291 - src.database_handler - INFO - Database connection closed
2025-11-06 12:22:23,291 - __main__ - INFO - === MS Blood Test Tracker Finished ===
2025-11-06 12:22:23,984 - __main__ - INFO - === MS Blood Test Tracker Started ===
2025-11-06 12:22:23,989 - src.database_handler - INFO - Connected to database: C:\smakryko\ms-blood-test-tracker\data\ms_blood_tests.db
2025-11-06 12:22:23,991 - src.database_handler - INFO - Database initialized successfully
2025-11-06 12:22:24,009 - src.database_handler - INFO - Exported 158 deduplicated results to results_complete.csv
2025-11-06 12:22:24,010 - __main__ - INFO - Results exported to: results_complete.csv
2025-11-06 12:22:24,010 - src.database_handler - INFO - Database connection closed
2025-11-06 12:22:24,010 - __main__ - INFO - === MS Blood Test Tracker Finished ===
2025-11-06 12:23:54,908 - __main__ - INFO - === MS Blood Test Tracker Started ===
2025-11-06 12:23:54,911 - src.database_handler - INFO - Connected to database: C:\smakryko\ms-blood-test-tracker\data\ms_blood_tests.db
2025-11-06 12:23:54,913 - src.database_handler - INFO - Database initialized successfully
2025-11-06 12:23:54,918 - src.pdf_reader - INFO - Using PDF library: pdfplumber
2025-11-06 12:23:54,920 - __main__ - INFO - Found 3 PDF file(s) to process
2025-11-06 12:23:54,965 - __main__ - INFO - Processing: bloodResults_23092025.pdf (pages: 7)
2025-11-06 12:23:55,808 - __main__ - INFO - Table extraction found 1 table(s) across 7 page(s) for bloodResults_23092025.pdf
2025-11-06 12:23:55,822 - __main__ - INFO - Extracted 15 results from tables
2025-11-06 12:23:55,839 - __main__ - INFO - Extracted 37 additional results from text
2025-11-06 12:23:55,850 - src.database_handler - INFO - Inserted test results for test_id: 13
2025-11-06 12:23:55,850 - __main__ - INFO - Processed: bloodResults_23092025.pdf (52 total results extracted; pages parsed: 7)
2025-11-06 12:23:55,890 - __main__ - INFO - Processing: blood_28042025.PDF (pages: 6)
2025-11-06 12:23:56,836 - __main__ - INFO - Table extraction found 2 table(s) across 6 page(s) for blood_28042025.PDF
2025-11-06 12:23:56,843 - __main__ - INFO - Extracted 15 results from tables
2025-11-06 12:23:56,860 - __main__ - INFO - Extracted 33 additional results from text
2025-11-06 12:23:56,866 - src.database_handler - INFO - Inserted test results for test_id: 14
2025-11-06 12:23:56,866 - __main__ - INFO - Processed: blood_28042025.PDF (48 total results extracted; pages parsed: 6)
2025-11-06 12:23:56,896 - __main__ - INFO - Processing: blood_30012023.PDF (pages: 4)
2025-11-06 12:23:57,747 - __main__ - INFO - Table extraction found 2 table(s) across 4 page(s) for blood_30012023.PDF
2025-11-06 12:23:57,754 - __main__ - INFO - Extracted 15 results from tables
2025-11-06 12:23:57,767 - __main__ - INFO - Extracted 26 additional results from text
2025-11-06 12:23:57,775 - src.database_handler - INFO - Inserted test results for test_id: 15
2025-11-06 12:23:57,775 - __main__ - INFO - Processed: blood_30012023.PDF (41 total results extracted; pages parsed: 4)
2025-11-06 12:23:57,776 - __main__ - INFO - 
Processing complete!
2025-11-06 12:23:57,776 - __main__ - INFO - Total tests processed: 3
2025-11-06 12:23:57,776 - __main__ - INFO - Total results stored: 141
2025-11-06 12:23:57,777 - src.database_handler - INFO - Database connection closed
2025-11-06 12:23:57,777 - __main__ - INFO - === MS Blood Test Tracker Finished ===
2025-11-06 12:23:58,399 - __main__ - INFO - === MS Blood Test Tracker Started ===
2025-11-06 12:23:58,403 - src.database_handler - INFO - Connected to database: C:\smakryko\ms-blood-test-tracker\data\ms_blood_tests.db
2025-11-06 12:23:58,405 - src.database_handler - INFO - Database initialized successfully
2025-11-06 12:23:58,430 - src.database_handler - INFO - Exported 158 deduplicated results to results_complete.csv
2025-11-06 12:23:58,430 - __main__ - INFO - Results exported to: results_complete.csv
2025-11-06 12:23:58,431 - src.database_handler - INFO - Database connection closed
2025-11-06 12:23:58,431 - __main__ - INFO - === MS Blood Test Tracker Finished ===
2025-11-06 12:24:42,177 - __main__ - INFO - === MS Blood Test Tracker Started ===
2025-11-06 12:24:42,180 - src.database_handler - INFO - Connected to database: C:\smakryko\ms-blood-test-tracker\data\ms_blood_tests.db
2025-11-06 12:24:42,181 - src.database_handler - INFO - Migrating schema: adding category_code column to test_results
2025-11-06 12:24:42,182 - src.database_handler - ERROR - Schema migration failed: no such table: test_results
2025-11-06 12:24:42,216 - src.database_handler - INFO - Database initialized successfully
2025-11-06 12:24:42,223 - src.pdf_reader - INFO - Using PDF library: pdfplumber
2025-11-06 12:24:42,226 - __main__ - INFO - Found 3 PDF file(s) to process
2025-11-06 12:24:42,263 - __main__ - INFO - Processing: bloodResults_23092025.pdf (pages: 7)
2025-11-06 12:24:43,149 - __main__ - INFO - Table extraction found 1 table(s) across 7 page(s) for bloodResults_23092025.pdf
2025-11-06 12:24:43,168 - __main__ - INFO - Extracted 15 results from tables
2025-11-06 12:24:43,182 - __main__ - INFO - Extracted 37 additional results from text
2025-11-06 12:24:43,190 - src.database_handler - INFO - Inserted test results for test_id: 1
2025-11-06 12:24:43,190 - __main__ - INFO - Processed: bloodResults_23092025.pdf (52 total results extracted; pages parsed: 7)
2025-11-06 12:24:43,228 - __main__ - INFO - Processing: blood_28042025.PDF (pages: 6)
2025-11-06 12:24:44,121 - __main__ - INFO - Table extraction found 2 table(s) across 6 page(s) for blood_28042025.PDF
2025-11-06 12:24:44,129 - __main__ - INFO - Extracted 15 results from tables
2025-11-06 12:24:44,145 - __main__ - INFO - Extracted 33 additional results from text
2025-11-06 12:24:44,161 - src.database_handler - INFO - Inserted test results for test_id: 2
2025-11-06 12:24:44,162 - __main__ - INFO - Processed: blood_28042025.PDF (48 total results extracted; pages parsed: 6)
2025-11-06 12:24:44,203 - __main__ - INFO - Processing: blood_30012023.PDF (pages: 4)
2025-11-06 12:24:44,942 - __main__ - INFO - Table extraction found 2 table(s) across 4 page(s) for blood_30012023.PDF
2025-11-06 12:24:44,950 - __main__ - INFO - Extracted 15 results from tables
2025-11-06 12:24:44,964 - __main__ - INFO - Extracted 26 additional results from text
2025-11-06 12:24:44,974 - src.database_handler - INFO - Inserted test results for test_id: 3
2025-11-06 12:24:44,975 - __main__ - INFO - Processed: blood_30012023.PDF (41 total results extracted; pages parsed: 4)
2025-11-06 12:24:44,976 - __main__ - INFO - 
Processing complete!
2025-11-06 12:24:44,976 - __main__ - INFO - Total tests processed: 3
2025-11-06 12:24:44,976 - __main__ - INFO - Total results stored: 141
2025-11-06 12:24:44,977 - src.database_handler - INFO - Database connection closed
2025-11-06 12:24:44,978 - __main__ - INFO - === MS Blood Test Tracker Finished ===
2025-11-06 12:24:45,579 - __main__ - INFO - === MS Blood Test Tracker Started ===
2025-11-06 12:24:45,582 - src.database_handler - INFO - Connected to database: C:\smakryko\ms-blood-test-tracker\data\ms_blood_tests.db
2025-11-06 12:24:45,584 - src.database_handler - INFO - Database initialized successfully
2025-11-06 12:24:45,599 - src.database_handler - INFO - Exported 96 deduplicated results to results_complete.csv
2025-11-06 12:24:45,600 - __main__ - INFO - Results exported to: results_complete.csv
2025-11-06 12:24:45,600 - src.database_handler - INFO - Database connection closed
2025-11-06 12:24:45,601 - __main__ - INFO - === MS Blood Test Tracker Finished ===
2025-11-06 12:38:56,120 - __main__ - INFO - === MS Blood Test Tracker Started ===
2025-11-06 12:38:56,123 - src.database_handler - INFO - Connected to database: C:\smakryko\ms-blood-test-tracker\data\ms_blood_tests.db
2025-11-06 12:38:56,125 - src.database_handler - INFO - Database initialized successfully
2025-11-06 12:38:56,134 - src.pdf_reader - INFO - Using PDF library: pdfplumber
2025-11-06 12:38:56,136 - __main__ - INFO - Found 3 PDF file(s) to process
2025-11-06 12:38:56,179 - __main__ - INFO - Processing: bloodResults_23092025.pdf (pages: 7)
2025-11-06 12:38:57,079 - __main__ - INFO - Table extraction found 1 table(s) across 7 page(s) for bloodResults_23092025.pdf
2025-11-06 12:38:57,097 - __main__ - INFO - Extracted 16 results from tables
2025-11-06 12:38:57,115 - __main__ - INFO - Extracted 39 additional results from text
2025-11-06 12:38:57,124 - src.database_handler - INFO - Inserted test results for test_id: 4
2025-11-06 12:38:57,124 - __main__ - INFO - Processed: bloodResults_23092025.pdf (55 total results extracted; pages parsed: 7)
2025-11-06 12:38:57,158 - __main__ - INFO - Processing: blood_28042025.PDF (pages: 6)
2025-11-06 12:38:58,262 - __main__ - INFO - Table extraction found 2 table(s) across 6 page(s) for blood_28042025.PDF
2025-11-06 12:38:58,274 - __main__ - INFO - Extracted 16 results from tables
2025-11-06 12:38:58,292 - __main__ - INFO - Extracted 34 additional results from text
2025-11-06 12:38:58,299 - src.database_handler - INFO - Inserted test results for test_id: 5
2025-11-06 12:38:58,300 - __main__ - INFO - Processed: blood_28042025.PDF (50 total results extracted; pages parsed: 6)
2025-11-06 12:38:58,328 - __main__ - INFO - Processing: blood_30012023.PDF (pages: 4)
2025-11-06 12:38:59,163 - __main__ - INFO - Table extraction found 2 table(s) across 4 page(s) for blood_30012023.PDF
2025-11-06 12:38:59,175 - __main__ - INFO - Extracted 16 results from tables
2025-11-06 12:38:59,189 - __main__ - INFO - Extracted 27 additional results from text
2025-11-06 12:38:59,198 - src.database_handler - INFO - Inserted test results for test_id: 6
2025-11-06 12:38:59,198 - __main__ - INFO - Processed: blood_30012023.PDF (43 total results extracted; pages parsed: 4)
2025-11-06 12:38:59,199 - __main__ - INFO - 
Processing complete!
2025-11-06 12:38:59,199 - __main__ - INFO - Total tests processed: 3
2025-11-06 12:38:59,199 - __main__ - INFO - Total results stored: 148
2025-11-06 12:38:59,199 - src.database_handler - INFO - Database connection closed
2025-11-06 12:38:59,199 - __main__ - INFO - === MS Blood Test Tracker Finished ===
2025-11-06 12:43:11,060 - __main__ - INFO - === MS Blood Test Tracker Started ===
2025-11-06 12:43:11,083 - src.database_handler - INFO - Connected to database: C:\smakryko\ms-blood-test-tracker\data\ms_blood_tests.db
2025-11-06 12:43:11,085 - src.database_handler - INFO - Database initialized successfully
2025-11-06 12:43:11,092 - src.pdf_reader - INFO - Using PDF library: pdfplumber
2025-11-06 12:43:11,094 - __main__ - INFO - Found 3 PDF file(s) to process
2025-11-06 12:43:11,133 - __main__ - INFO - Processing: bloodResults_23092025.pdf (pages: 7)
2025-11-06 12:43:12,183 - __main__ - INFO - Table extraction found 1 table(s) across 7 page(s) for bloodResults_23092025.pdf
2025-11-06 12:43:12,203 - __main__ - INFO - Extracted 16 results from tables
2025-11-06 12:43:12,229 - __main__ - INFO - Extracted 39 additional results from text
2025-11-06 12:43:12,237 - src.database_handler - INFO - Inserted test results for test_id: 7
2025-11-06 12:43:12,237 - __main__ - INFO - Processed: bloodResults_23092025.pdf (55 total results extracted; pages parsed: 7)
2025-11-06 12:43:12,302 - __main__ - INFO - Processing: blood_28042025.PDF (pages: 6)
2025-11-06 12:43:13,753 - __main__ - INFO - Table extraction found 2 table(s) across 6 page(s) for blood_28042025.PDF
2025-11-06 12:43:13,771 - __main__ - INFO - Extracted 16 results from tables
2025-11-06 12:43:13,798 - __main__ - INFO - Extracted 34 additional results from text
2025-11-06 12:43:13,808 - src.database_handler - INFO - Inserted test results for test_id: 8
2025-11-06 12:43:13,808 - __main__ - INFO - Processed: blood_28042025.PDF (50 total results extracted; pages parsed: 6)
2025-11-06 12:43:13,868 - __main__ - INFO - Processing: blood_30012023.PDF (pages: 4)
2025-11-06 12:43:14,688 - __main__ - INFO - Table extraction found 2 table(s) across 4 page(s) for blood_30012023.PDF
2025-11-06 12:43:14,700 - __main__ - INFO - Extracted 16 results from tables
2025-11-06 12:43:14,717 - __main__ - INFO - Extracted 27 additional results from text
2025-11-06 12:43:14,727 - src.database_handler - INFO - Inserted test results for test_id: 9
2025-11-06 12:43:14,728 - __main__ - INFO - Processed: blood_30012023.PDF (43 total results extracted; pages parsed: 4)
2025-11-06 12:43:14,728 - __main__ - INFO - 
Processing complete!
2025-11-06 12:43:14,729 - __main__ - INFO - Total tests processed: 3
2025-11-06 12:43:14,729 - __main__ - INFO - Total results stored: 148
2025-11-06 12:43:14,731 - src.database_handler - INFO - Database connection closed
2025-11-06 12:43:14,731 - __main__ - INFO - === MS Blood Test Tracker Finished ===
2025-11-06 12:54:40,088 - __main__ - INFO - === MS Blood Test Tracker Started ===
2025-11-06 12:54:40,106 - src.database_handler - INFO - Connected to database: C:\smakryko\ms-blood-test-tracker\data\ms_blood_tests.db
2025-11-06 12:54:40,107 - src.database_handler - INFO - Migrating schema: adding category_code column to test_results
2025-11-06 12:54:40,109 - src.database_handler - ERROR - Schema migration failed: no such table: test_results
2025-11-06 12:54:40,131 - src.database_handler - INFO - Database initialized successfully
2025-11-06 12:54:40,141 - src.pdf_reader - INFO - Using PDF library: pdfplumber
2025-11-06 12:54:40,145 - __main__ - INFO - Found 3 PDF file(s) to process
2025-11-06 12:54:40,218 - __main__ - INFO - Processing: bloodResults_23092025.pdf (pages: 7)
2025-11-06 12:54:41,116 - __main__ - INFO - Table extraction found 1 table(s) across 7 page(s) for bloodResults_23092025.pdf
2025-11-06 12:54:41,133 - __main__ - INFO - Extracted 16 results from tables
2025-11-06 12:54:41,154 - __main__ - INFO - Extracted 39 additional results from text
2025-11-06 12:54:41,160 - src.database_handler - INFO - Inserted test results for test_id: 10
2025-11-06 12:54:41,160 - __main__ - INFO - Processed: bloodResults_23092025.pdf (55 total results extracted; pages parsed: 7)
2025-11-06 12:54:41,217 - __main__ - INFO - Processing: blood_28042025.PDF (pages: 6)
2025-11-06 12:54:42,305 - __main__ - INFO - Table extraction found 2 table(s) across 6 page(s) for blood_28042025.PDF
2025-11-06 12:54:42,321 - __main__ - INFO - Extracted 16 results from tables
2025-11-06 12:54:42,346 - __main__ - INFO - Extracted 34 additional results from text
2025-11-06 12:54:42,359 - src.database_handler - INFO - Inserted test results for test_id: 11
2025-11-06 12:54:42,362 - __main__ - INFO - Processed: blood_28042025.PDF (50 total results extracted; pages parsed: 6)
2025-11-06 12:54:42,424 - __main__ - INFO - Processing: blood_30012023.PDF (pages: 4)
2025-11-06 12:54:43,313 - __main__ - INFO - Table extraction found 2 table(s) across 4 page(s) for blood_30012023.PDF
2025-11-06 12:54:43,326 - __main__ - INFO - Extracted 16 results from tables
2025-11-06 12:54:43,344 - __main__ - INFO - Extracted 27 additional results from text
2025-11-06 12:54:43,351 - src.database_handler - INFO - Inserted test results for test_id: 12
2025-11-06 12:54:43,352 - __main__ - INFO - Processed: blood_30012023.PDF (43 total results extracted; pages parsed: 4)
2025-11-06 12:54:43,352 - __main__ - INFO - 
Processing complete!
2025-11-06 12:54:43,354 - __main__ - INFO - Total tests processed: 3
2025-11-06 12:54:43,355 - __main__ - INFO - Total results stored: 148
2025-11-06 12:54:43,355 - src.database_handler - INFO - Database connection closed
2025-11-06 12:54:43,356 - __main__ - INFO - === MS Blood Test Tracker Finished ===
2025-11-06 12:54:44,061 - __main__ - INFO - === MS Blood Test Tracker Started ===
2025-11-06 12:54:44,064 - src.database_handler - INFO - Connected to database: C:\smakryko\ms-blood-test-tracker\data\ms_blood_tests.db
2025-11-06 12:54:44,068 - src.database_handler - INFO - Database initialized successfully
2025-11-06 12:54:44,083 - src.database_handler - INFO - Exported 100 deduplicated results to results_complete.csv
2025-11-06 12:54:44,084 - __main__ - INFO - Results exported to: results_complete.csv
2025-11-06 12:54:44,085 - src.database_handler - INFO - Database connection closed
2025-11-06 12:54:44,085 - __main__ - INFO - === MS Blood Test Tracker Finished ===
2025-11-06 12:58:49,957 - __main__ - INFO - === MS Blood Test Tracker Started ===
2025-11-06 12:58:49,960 - src.database_handler - INFO - Connected to database: C:\smakryko\ms-blood-test-tracker\data\ms_blood_tests.db
2025-11-06 12:58:49,962 - src.database_handler - INFO - Database initialized successfully
2025-11-06 12:58:49,968 - src.pdf_reader - INFO - Using PDF library: pdfplumber
2025-11-06 12:58:49,970 - __main__ - INFO - Found 3 PDF file(s) to process
2025-11-06 12:58:50,017 - __main__ - INFO - Processing: bloodResults_23092025.pdf (pages: 7)
2025-11-06 12:58:50,974 - __main__ - INFO - Table extraction found 1 table(s) across 7 page(s) for bloodResults_23092025.pdf
2025-11-06 12:58:50,999 - __main__ - INFO - Extracted 17 results from tables
2025-11-06 12:58:51,028 - __main__ - INFO - Extracted 43 additional results from text
2025-11-06 12:58:51,036 - src.database_handler - INFO - Inserted test results for test_id: 13
2025-11-06 12:58:51,037 - __main__ - INFO - Processed: bloodResults_23092025.pdf (60 total results extracted; pages parsed: 7)
2025-11-06 12:58:51,080 - __main__ - INFO - Processing: blood_28042025.PDF (pages: 6)
2025-11-06 12:58:52,174 - __main__ - INFO - Table extraction found 2 table(s) across 6 page(s) for blood_28042025.PDF
2025-11-06 12:58:52,190 - __main__ - INFO - Extracted 17 results from tables
2025-11-06 12:58:52,214 - __main__ - INFO - Extracted 39 additional results from text
2025-11-06 12:58:52,221 - src.database_handler - INFO - Inserted test results for test_id: 14
2025-11-06 12:58:52,222 - __main__ - INFO - Processed: blood_28042025.PDF (56 total results extracted; pages parsed: 6)
2025-11-06 12:58:52,256 - __main__ - INFO - Processing: blood_30012023.PDF (pages: 4)
2025-11-06 12:58:53,088 - __main__ - INFO - Table extraction found 2 table(s) across 4 page(s) for blood_30012023.PDF
2025-11-06 12:58:53,105 - __main__ - INFO - Extracted 17 results from tables
2025-11-06 12:58:53,118 - __main__ - INFO - Extracted 33 additional results from text
2025-11-06 12:58:53,126 - src.database_handler - INFO - Inserted test results for test_id: 15
2025-11-06 12:58:53,126 - __main__ - INFO - Processed: blood_30012023.PDF (50 total results extracted; pages parsed: 4)
2025-11-06 12:58:53,126 - __main__ - INFO - 
Processing complete!
2025-11-06 12:58:53,127 - __main__ - INFO - Total tests processed: 3
2025-11-06 12:58:53,127 - __main__ - INFO - Total results stored: 166
2025-11-06 12:58:53,128 - src.database_handler - INFO - Database connection closed
2025-11-06 12:58:53,128 - __main__ - INFO - === MS Blood Test Tracker Finished ===
2025-11-06 13:01:30,133 - __main__ - INFO - === MS Blood Test Tracker Started ===
2025-11-06 13:01:30,136 - src.database_handler - INFO - Connected to database: C:\smakryko\ms-blood-test-tracker\data\ms_blood_tests.db
2025-11-06 13:01:30,138 - src.database_handler - INFO - Database initialized successfully
2025-11-06 13:01:30,145 - src.pdf_reader - INFO - Using PDF library: pdfplumber
2025-11-06 13:01:30,148 - __main__ - INFO - Found 3 PDF file(s) to process
2025-11-06 13:01:30,191 - __main__ - INFO - Processing: bloodResults_23092025.pdf (pages: 7)
2025-11-06 13:01:31,293 - __main__ - INFO - Table extraction found 1 table(s) across 7 page(s) for bloodResults_23092025.pdf
2025-11-06 13:01:31,316 - __main__ - INFO - Extracted 17 results from tables
2025-11-06 13:01:31,343 - __main__ - INFO - Extracted 56 additional results from text
2025-11-06 13:01:31,352 - src.database_handler - INFO - Inserted test results for test_id: 16
2025-11-06 13:01:31,353 - __main__ - INFO - Processed: bloodResults_23092025.pdf (73 total results extracted; pages parsed: 7)
2025-11-06 13:01:31,387 - __main__ - INFO - Processing: blood_28042025.PDF (pages: 6)
2025-11-06 13:01:32,886 - __main__ - INFO - Table extraction found 2 table(s) across 6 page(s) for blood_28042025.PDF
2025-11-06 13:01:32,917 - __main__ - INFO - Extracted 17 results from tables
2025-11-06 13:01:32,981 - __main__ - INFO - Extracted 55 additional results from text
2025-11-06 13:01:32,993 - src.database_handler - INFO - Inserted test results for test_id: 17
2025-11-06 13:01:32,993 - __main__ - INFO - Processed: blood_28042025.PDF (72 total results extracted; pages parsed: 6)
2025-11-06 13:01:33,026 - __main__ - INFO - Processing: blood_30012023.PDF (pages: 4)
2025-11-06 13:01:33,817 - __main__ - INFO - Table extraction found 2 table(s) across 4 page(s) for blood_30012023.PDF
2025-11-06 13:01:33,833 - __main__ - INFO - Extracted 17 results from tables
2025-11-06 13:01:33,854 - __main__ - INFO - Extracted 44 additional results from text
2025-11-06 13:01:33,863 - src.database_handler - INFO - Inserted test results for test_id: 18
2025-11-06 13:01:33,864 - __main__ - INFO - Processed: blood_30012023.PDF (61 total results extracted; pages parsed: 4)
2025-11-06 13:01:33,864 - __main__ - INFO - 
Processing complete!
2025-11-06 13:01:33,864 - __main__ - INFO - Total tests processed: 3
2025-11-06 13:01:33,864 - __main__ - INFO - Total results stored: 206
2025-11-06 13:01:33,865 - src.database_handler - INFO - Database connection closed
2025-11-06 13:01:33,865 - __main__ - INFO - === MS Blood Test Tracker Finished ===
2025-11-06 14:47:13,777 - __main__ - INFO - === MS Blood Test Tracker Started ===
2025-11-06 14:47:13,803 - src.database_handler - INFO - Connected to database: C:\smakryko\ms-blood-test-tracker\data\ms_blood_tests.db
2025-11-06 14:47:13,807 - src.database_handler - INFO - Migrating schema: adding category_code column to test_results
2025-11-06 14:47:13,807 - src.database_handler - ERROR - Schema migration failed: no such table: test_results
2025-11-06 14:47:13,878 - src.database_handler - INFO - Database initialized successfully
2025-11-06 14:47:13,890 - src.pdf_reader - INFO - Using PDF library: pdfplumber
2025-11-06 14:47:13,893 - __main__ - INFO - Found 1 PDF file(s) to process
2025-11-06 14:47:13,907 - __main__ - INFO - Processing: results_2018-2019.pdf (pages: 9)
2025-11-06 14:47:13,956 - __main__ - INFO - No structured data extracted; attempting legacy text parser
2025-11-06 14:47:13,956 - __main__ - WARNING - No data extracted from: results_2018-2019.pdf (pages: 9)
2025-11-06 14:47:13,956 - __main__ - INFO - 
Processing complete!
2025-11-06 14:47:13,957 - __main__ - INFO - Total tests processed: 0
2025-11-06 14:47:13,957 - __main__ - INFO - Total results stored: 0
2025-11-06 14:47:13,957 - src.database_handler - INFO - Database connection closed
2025-11-06 14:47:13,958 - __main__ - INFO - === MS Blood Test Tracker Finished ===
2025-11-06 14:47:14,602 - __main__ - INFO - === MS Blood Test Tracker Started ===
2025-11-06 14:47:14,606 - src.database_handler - INFO - Connected to database: C:\smakryko\ms-blood-test-tracker\data\ms_blood_tests.db
2025-11-06 14:47:14,608 - src.database_handler - INFO - Database initialized successfully
2025-11-06 14:47:14,622 - src.database_handler - WARNING - No results to export
2025-11-06 14:47:14,623 - __main__ - INFO - Results exported to: results_complete.csv
2025-11-06 14:47:14,623 - src.database_handler - INFO - Database connection closed
2025-11-06 14:47:14,624 - __main__ - INFO - === MS Blood Test Tracker Finished ===
2025-11-06 14:49:34,463 - __main__ - INFO - === MS Blood Test Tracker Started ===
2025-11-06 14:49:34,470 - src.database_handler - INFO - Connected to database: C:\smakryko\ms-blood-test-tracker\data\ms_blood_tests.db
2025-11-06 14:49:34,473 - src.database_handler - INFO - Database initialized successfully
2025-11-06 14:49:34,487 - src.pdf_reader - INFO - Using PDF library: pdfplumber
2025-11-06 14:49:34,490 - __main__ - INFO - Found 13 PDF file(s) to process
2025-11-06 14:49:34,551 - __main__ - INFO - Processing: bloodResults_23092025.pdf (pages: 7)
2025-11-06 14:49:35,678 - __main__ - INFO - Table extraction found 1 table(s) across 7 page(s) for bloodResults_23092025.pdf
2025-11-06 14:49:35,704 - __main__ - INFO - Extracted 17 results from tables
2025-11-06 14:49:35,734 - __main__ - INFO - Extracted 56 additional results from text
2025-11-06 14:49:35,751 - src.database_handler - INFO - Inserted test results for test_id: 1
2025-11-06 14:49:35,752 - __main__ - INFO - Processed: bloodResults_23092025.pdf (73 total results extracted; pages parsed: 7)
2025-11-06 14:49:35,803 - __main__ - INFO - Processing: blood_01042024.PDF (pages: 9)
2025-11-06 14:49:37,014 - __main__ - INFO - Table extraction found 1 table(s) across 9 page(s) for blood_01042024.PDF
2025-11-06 14:49:37,028 - __main__ - INFO - Extracted 17 results from tables
2025-11-06 14:49:37,065 - __main__ - INFO - Extracted 69 additional results from text
2025-11-06 14:49:37,079 - src.database_handler - INFO - Inserted test results for test_id: 2
2025-11-06 14:49:37,079 - __main__ - INFO - Processed: blood_01042024.PDF (86 total results extracted; pages parsed: 9)
2025-11-06 14:49:37,121 - __main__ - INFO - Processing: blood_04122023.PDF (pages: 6)
2025-11-06 14:49:38,167 - __main__ - INFO - Table extraction found 2 table(s) across 6 page(s) for blood_04122023.PDF
2025-11-06 14:49:38,186 - __main__ - INFO - Extracted 17 results from tables
2025-11-06 14:49:38,229 - __main__ - INFO - Extracted 46 additional results from text
2025-11-06 14:49:38,244 - src.database_handler - INFO - Inserted test results for test_id: 3
2025-11-06 14:49:38,244 - __main__ - INFO - Processed: blood_04122023.PDF (63 total results extracted; pages parsed: 6)
2025-11-06 14:49:38,296 - __main__ - INFO - Processing: blood_05102023.PDF (pages: 5)
2025-11-06 14:49:39,255 - __main__ - INFO - Table extraction found 1 table(s) across 5 page(s) for blood_05102023.PDF
2025-11-06 14:49:39,270 - __main__ - INFO - Extracted 17 results from tables
2025-11-06 14:49:39,293 - __main__ - INFO - Extracted 44 additional results from text
2025-11-06 14:49:39,305 - src.database_handler - INFO - Inserted test results for test_id: 4
2025-11-06 14:49:39,306 - __main__ - INFO - Processed: blood_05102023.PDF (61 total results extracted; pages parsed: 5)
2025-11-06 14:49:39,345 - __main__ - INFO - Processing: blood_10072025.PDF (pages: 5)
2025-11-06 14:49:40,509 - __main__ - INFO - Table extraction found 2 table(s) across 5 page(s) for blood_10072025.PDF
2025-11-06 14:49:40,534 - __main__ - INFO - Extracted 17 results from tables
2025-11-06 14:49:40,579 - __main__ - INFO - Extracted 46 additional results from text
2025-11-06 14:49:40,596 - src.database_handler - INFO - Inserted test results for test_id: 5
2025-11-06 14:49:40,596 - __main__ - INFO - Processed: blood_10072025.PDF (63 total results extracted; pages parsed: 5)
2025-11-06 14:49:40,668 - __main__ - INFO - Processing: blood_11042023.PDF (pages: 8)
2025-11-06 14:49:42,120 - __main__ - INFO - Table extraction found 2 table(s) across 8 page(s) for blood_11042023.PDF
2025-11-06 14:49:42,139 - __main__ - INFO - Extracted 17 results from tables
2025-11-06 14:49:42,178 - __main__ - INFO - Extracted 61 additional results from text
2025-11-06 14:49:42,190 - src.database_handler - INFO - Inserted test results for test_id: 6
2025-11-06 14:49:42,191 - __main__ - INFO - Processed: blood_11042023.PDF (78 total results extracted; pages parsed: 8)
2025-11-06 14:49:42,237 - __main__ - INFO - Processing: blood_18092023.PDF (pages: 6)
2025-11-06 14:49:43,353 - __main__ - INFO - Table extraction found 2 table(s) across 6 page(s) for blood_18092023.PDF
2025-11-06 14:49:43,371 - __main__ - INFO - Extracted 17 results from tables
2025-11-06 14:49:43,404 - __main__ - INFO - Extracted 50 additional results from text
2025-11-06 14:49:43,421 - src.database_handler - INFO - Inserted test results for test_id: 7
2025-11-06 14:49:43,423 - __main__ - INFO - Processed: blood_18092023.PDF (67 total results extracted; pages parsed: 6)
2025-11-06 14:49:43,470 - __main__ - INFO - Processing: blood_18092024.PDF (pages: 7)
2025-11-06 14:49:44,543 - __main__ - INFO - Table extraction found 1 table(s) across 7 page(s) for blood_18092024.PDF
2025-11-06 14:49:44,556 - __main__ - INFO - Extracted 17 results from tables
2025-11-06 14:49:44,585 - __main__ - INFO - Extracted 54 additional results from text
2025-11-06 14:49:44,600 - src.database_handler - INFO - Inserted test results for test_id: 8
2025-11-06 14:49:44,649 - __main__ - INFO - Processed: blood_18092024.PDF (71 total results extracted; pages parsed: 7)
2025-11-06 14:49:44,723 - __main__ - INFO - Processing: blood_23122024.PDF (pages: 5)
2025-11-06 14:49:45,689 - __main__ - INFO - Table extraction found 2 table(s) across 5 page(s) for blood_23122024.PDF
2025-11-06 14:49:45,708 - __main__ - INFO - Extracted 17 results from tables
2025-11-06 14:49:45,732 - __main__ - INFO - Extracted 44 additional results from text
2025-11-06 14:49:45,747 - src.database_handler - INFO - Inserted test results for test_id: 9
2025-11-06 14:49:45,748 - __main__ - INFO - Processed: blood_23122024.PDF (61 total results extracted; pages parsed: 5)
2025-11-06 14:49:45,790 - __main__ - INFO - Processing: blood_24072023.PDF (pages: 4)
2025-11-06 14:49:46,899 - __main__ - INFO - Table extraction found 2 table(s) across 4 page(s) for blood_24072023.PDF
2025-11-06 14:49:46,919 - __main__ - INFO - Extracted 17 results from tables
2025-11-06 14:49:46,950 - __main__ - INFO - Extracted 42 additional results from text
2025-11-06 14:49:46,963 - src.database_handler - INFO - Inserted test results for test_id: 10
2025-11-06 14:49:46,963 - __main__ - INFO - Processed: blood_24072023.PDF (59 total results extracted; pages parsed: 4)
2025-11-06 14:49:47,005 - __main__ - INFO - Processing: blood_25062024.PDF (pages: 5)
2025-11-06 14:49:48,079 - __main__ - INFO - Table extraction found 2 table(s) across 5 page(s) for blood_25062024.PDF
2025-11-06 14:49:48,099 - __main__ - INFO - Extracted 17 results from tables
2025-11-06 14:49:48,126 - __main__ - INFO - Extracted 44 additional results from text
2025-11-06 14:49:48,139 - src.database_handler - INFO - Inserted test results for test_id: 11
2025-11-06 14:49:48,139 - __main__ - INFO - Processed: blood_25062024.PDF (61 total results extracted; pages parsed: 5)
2025-11-06 14:49:48,179 - __main__ - INFO - Processing: blood_28042025.PDF (pages: 6)
2025-11-06 14:49:49,194 - __main__ - INFO - Table extraction found 2 table(s) across 6 page(s) for blood_28042025.PDF
2025-11-06 14:49:49,213 - __main__ - INFO - Extracted 17 results from tables
2025-11-06 14:49:49,243 - __main__ - INFO - Extracted 55 additional results from text
2025-11-06 14:49:49,257 - src.database_handler - INFO - Inserted test results for test_id: 12
2025-11-06 14:49:49,257 - __main__ - INFO - Processed: blood_28042025.PDF (72 total results extracted; pages parsed: 6)
2025-11-06 14:49:49,295 - __main__ - INFO - Processing: blood_30012023.PDF (pages: 4)
2025-11-06 14:49:50,291 - __main__ - INFO - Table extraction found 2 table(s) across 4 page(s) for blood_30012023.PDF
2025-11-06 14:49:50,314 - __main__ - INFO - Extracted 17 results from tables
2025-11-06 14:49:50,337 - __main__ - INFO - Extracted 44 additional results from text
2025-11-06 14:49:50,353 - src.database_handler - INFO - Inserted test results for test_id: 13
2025-11-06 14:49:50,353 - __main__ - INFO - Processed: blood_30012023.PDF (61 total results extracted; pages parsed: 4)
2025-11-06 14:49:50,354 - __main__ - INFO - 
Processing complete!
2025-11-06 14:49:50,354 - __main__ - INFO - Total tests processed: 13
2025-11-06 14:49:50,354 - __main__ - INFO - Total results stored: 876
2025-11-06 14:49:50,355 - src.database_handler - INFO - Database connection closed
2025-11-06 14:49:50,355 - __main__ - INFO - === MS Blood Test Tracker Finished ===
2025-11-06 14:49:51,328 - __main__ - INFO - === MS Blood Test Tracker Started ===
2025-11-06 14:49:51,331 - src.database_handler - INFO - Connected to database: C:\smakryko\ms-blood-test-tracker\data\ms_blood_tests.db
2025-11-06 14:49:51,333 - src.database_handler - INFO - Database initialized successfully
2025-11-06 14:49:51,356 - src.database_handler - INFO - Exported 655 deduplicated results to results_complete.csv
2025-11-06 14:49:51,358 - __main__ - INFO - Results exported to: results_complete.csv
2025-11-06 14:49:51,359 - src.database_handler - INFO - Database connection closed
2025-11-06 14:49:51,359 - __main__ - INFO - === MS Blood Test Tracker Finished ===
2025-11-06 15:30:09,135 - __main__ - INFO - === MS Blood Test Tracker Started ===
2025-11-06 15:30:09,140 - src.database_handler - INFO - Connected to database: C:\smakryko\ms-blood-test-tracker\data\ms_blood_tests.db
2025-11-06 15:30:09,142 - src.database_handler - INFO - Migrating schema: adding category_code column to test_results
2025-11-06 15:30:09,142 - src.database_handler - ERROR - Schema migration failed: no such table: test_results
2025-11-06 15:30:09,181 - src.database_handler - INFO - Database initialized successfully
2025-11-06 15:30:09,187 - src.pdf_reader - INFO - Using PDF library: pdfplumber
2025-11-06 15:30:09,191 - __main__ - INFO - Found 32 PDF file(s) to process
2025-11-06 15:30:09,250 - __main__ - INFO - Processing: bloodResults_23092025.pdf (pages: 7)
2025-11-06 15:30:10,283 - __main__ - INFO - Table extraction found 1 table(s) across 7 page(s) for bloodResults_23092025.pdf
2025-11-06 15:30:10,308 - __main__ - INFO - Extracted 17 results from tables
2025-11-06 15:30:10,334 - __main__ - INFO - Extracted 56 additional results from text
2025-11-06 15:30:10,343 - src.database_handler - INFO - Inserted test results for test_id: 1
2025-11-06 15:30:10,343 - __main__ - INFO - Processed: bloodResults_23092025.pdf (73 total results extracted; pages parsed: 7)
2025-11-06 15:30:10,402 - __main__ - INFO - Processing: blood_28042025.PDF (pages: 6)
2025-11-06 15:30:11,767 - __main__ - INFO - Table extraction found 2 table(s) across 6 page(s) for blood_28042025.PDF
2025-11-06 15:30:11,784 - __main__ - INFO - Extracted 17 results from tables
2025-11-06 15:30:11,811 - __main__ - INFO - Extracted 55 additional results from text
2025-11-06 15:30:11,819 - src.database_handler - INFO - Inserted test results for test_id: 2
2025-11-06 15:30:11,819 - __main__ - INFO - Processed: blood_28042025.PDF (72 total results extracted; pages parsed: 6)
2025-11-06 15:30:11,883 - __main__ - INFO - Processing: blood_30012023.PDF (pages: 4)
2025-11-06 15:30:12,767 - __main__ - INFO - Table extraction found 2 table(s) across 4 page(s) for blood_30012023.PDF
2025-11-06 15:30:12,784 - __main__ - INFO - Extracted 17 results from tables
2025-11-06 15:30:12,805 - __main__ - INFO - Extracted 44 additional results from text
2025-11-06 15:30:12,815 - src.database_handler - INFO - Inserted test results for test_id: 3
2025-11-06 15:30:12,815 - __main__ - INFO - Processed: blood_30012023.PDF (61 total results extracted; pages parsed: 4)
2025-11-06 15:30:12,873 - __main__ - INFO - Processing: bloodResults_23092025.pdf (pages: 7)
2025-11-06 15:30:14,054 - __main__ - INFO - Table extraction found 1 table(s) across 7 page(s) for bloodResults_23092025.pdf
2025-11-06 15:30:14,069 - __main__ - INFO - Extracted 17 results from tables
2025-11-06 15:30:14,095 - __main__ - INFO - Extracted 56 additional results from text
2025-11-06 15:30:14,103 - src.database_handler - INFO - Inserted test results for test_id: 4
2025-11-06 15:30:14,103 - __main__ - INFO - Processed: bloodResults_23092025.pdf (73 total results extracted; pages parsed: 7)
2025-11-06 15:30:14,169 - __main__ - INFO - Processing: blood_01042024.PDF (pages: 9)
2025-11-06 15:30:15,517 - __main__ - INFO - Table extraction found 1 table(s) across 9 page(s) for blood_01042024.PDF
2025-11-06 15:30:15,532 - __main__ - INFO - Extracted 17 results from tables
2025-11-06 15:30:15,562 - __main__ - INFO - Extracted 69 additional results from text
2025-11-06 15:30:15,569 - src.database_handler - INFO - Inserted test results for test_id: 5
2025-11-06 15:30:15,570 - __main__ - INFO - Processed: blood_01042024.PDF (86 total results extracted; pages parsed: 9)
2025-11-06 15:30:15,632 - __main__ - INFO - Processing: blood_04122023.PDF (pages: 6)
2025-11-06 15:30:16,809 - __main__ - INFO - Table extraction found 2 table(s) across 6 page(s) for blood_04122023.PDF
2025-11-06 15:30:16,827 - __main__ - INFO - Extracted 17 results from tables
2025-11-06 15:30:16,852 - __main__ - INFO - Extracted 46 additional results from text
2025-11-06 15:30:16,859 - src.database_handler - INFO - Inserted test results for test_id: 6
2025-11-06 15:30:16,860 - __main__ - INFO - Processed: blood_04122023.PDF (63 total results extracted; pages parsed: 6)
2025-11-06 15:30:16,915 - __main__ - INFO - Processing: blood_05102023.PDF (pages: 5)
2025-11-06 15:30:17,700 - __main__ - INFO - Table extraction found 1 table(s) across 5 page(s) for blood_05102023.PDF
2025-11-06 15:30:17,716 - __main__ - INFO - Extracted 17 results from tables
2025-11-06 15:30:17,735 - __main__ - INFO - Extracted 44 additional results from text
2025-11-06 15:30:17,746 - src.database_handler - INFO - Inserted test results for test_id: 7
2025-11-06 15:30:17,746 - __main__ - INFO - Processed: blood_05102023.PDF (61 total results extracted; pages parsed: 5)
2025-11-06 15:30:17,781 - __main__ - INFO - Processing: blood_10072025.PDF (pages: 5)
2025-11-06 15:30:18,844 - __main__ - INFO - Table extraction found 2 table(s) across 5 page(s) for blood_10072025.PDF
2025-11-06 15:30:18,860 - __main__ - INFO - Extracted 17 results from tables
2025-11-06 15:30:18,880 - __main__ - INFO - Extracted 46 additional results from text
2025-11-06 15:30:18,887 - src.database_handler - INFO - Inserted test results for test_id: 8
2025-11-06 15:30:18,887 - __main__ - INFO - Processed: blood_10072025.PDF (63 total results extracted; pages parsed: 5)
2025-11-06 15:30:18,946 - __main__ - INFO - Processing: blood_11042023.PDF (pages: 8)
2025-11-06 15:30:20,500 - __main__ - INFO - Table extraction found 2 table(s) across 8 page(s) for blood_11042023.PDF
2025-11-06 15:30:20,527 - __main__ - INFO - Extracted 17 results from tables
2025-11-06 15:30:20,584 - __main__ - INFO - Extracted 61 additional results from text
2025-11-06 15:30:20,596 - src.database_handler - INFO - Inserted test results for test_id: 9
2025-11-06 15:30:20,596 - __main__ - INFO - Processed: blood_11042023.PDF (78 total results extracted; pages parsed: 8)
2025-11-06 15:30:20,685 - __main__ - INFO - Processing: blood_18092023.PDF (pages: 6)
2025-11-06 15:30:22,234 - __main__ - INFO - Table extraction found 2 table(s) across 6 page(s) for blood_18092023.PDF
2025-11-06 15:30:22,262 - __main__ - INFO - Extracted 17 results from tables
2025-11-06 15:30:22,298 - __main__ - INFO - Extracted 50 additional results from text
2025-11-06 15:30:22,309 - src.database_handler - INFO - Inserted test results for test_id: 10
2025-11-06 15:30:22,310 - __main__ - INFO - Processed: blood_18092023.PDF (67 total results extracted; pages parsed: 6)
2025-11-06 15:30:22,393 - __main__ - INFO - Processing: blood_18092024.PDF (pages: 7)
2025-11-06 15:30:24,065 - __main__ - INFO - Table extraction found 1 table(s) across 7 page(s) for blood_18092024.PDF
2025-11-06 15:30:24,085 - __main__ - INFO - Extracted 17 results from tables
2025-11-06 15:30:24,123 - __main__ - INFO - Extracted 54 additional results from text
2025-11-06 15:30:24,134 - src.database_handler - INFO - Inserted test results for test_id: 11
2025-11-06 15:30:24,135 - __main__ - INFO - Processed: blood_18092024.PDF (71 total results extracted; pages parsed: 7)
2025-11-06 15:30:24,218 - __main__ - INFO - Processing: blood_23122024.PDF (pages: 5)
2025-11-06 15:30:25,631 - __main__ - INFO - Table extraction found 2 table(s) across 5 page(s) for blood_23122024.PDF
2025-11-06 15:30:25,656 - __main__ - INFO - Extracted 17 results from tables
2025-11-06 15:30:25,690 - __main__ - INFO - Extracted 44 additional results from text
2025-11-06 15:30:25,699 - src.database_handler - INFO - Inserted test results for test_id: 12
2025-11-06 15:30:25,699 - __main__ - INFO - Processed: blood_23122024.PDF (61 total results extracted; pages parsed: 5)
2025-11-06 15:30:25,784 - __main__ - INFO - Processing: blood_24072023.PDF (pages: 4)
2025-11-06 15:30:27,231 - __main__ - INFO - Table extraction found 2 table(s) across 4 page(s) for blood_24072023.PDF
2025-11-06 15:30:27,256 - __main__ - INFO - Extracted 17 results from tables
2025-11-06 15:30:27,292 - __main__ - INFO - Extracted 42 additional results from text
2025-11-06 15:30:27,301 - src.database_handler - INFO - Inserted test results for test_id: 13
2025-11-06 15:30:27,301 - __main__ - INFO - Processed: blood_24072023.PDF (59 total results extracted; pages parsed: 4)
2025-11-06 15:30:27,380 - __main__ - INFO - Processing: blood_25062024.PDF (pages: 5)
2025-11-06 15:30:29,001 - __main__ - INFO - Table extraction found 2 table(s) across 5 page(s) for blood_25062024.PDF
2025-11-06 15:30:29,032 - __main__ - INFO - Extracted 17 results from tables
2025-11-06 15:30:29,071 - __main__ - INFO - Extracted 44 additional results from text
2025-11-06 15:30:29,082 - src.database_handler - INFO - Inserted test results for test_id: 14
2025-11-06 15:30:29,082 - __main__ - INFO - Processed: blood_25062024.PDF (61 total results extracted; pages parsed: 5)
2025-11-06 15:30:29,175 - __main__ - INFO - Processing: blood_28042025.PDF (pages: 6)
2025-11-06 15:30:31,226 - __main__ - INFO - Table extraction found 2 table(s) across 6 page(s) for blood_28042025.PDF
2025-11-06 15:30:31,260 - __main__ - INFO - Extracted 17 results from tables
2025-11-06 15:30:31,307 - __main__ - INFO - Extracted 55 additional results from text
2025-11-06 15:30:31,316 - src.database_handler - INFO - Inserted test results for test_id: 15
2025-11-06 15:30:31,317 - __main__ - INFO - Processed: blood_28042025.PDF (72 total results extracted; pages parsed: 6)
2025-11-06 15:30:31,387 - __main__ - INFO - Processing: blood_30012023.PDF (pages: 4)
2025-11-06 15:30:32,949 - __main__ - INFO - Table extraction found 2 table(s) across 4 page(s) for blood_30012023.PDF
2025-11-06 15:30:32,977 - __main__ - INFO - Extracted 17 results from tables
2025-11-06 15:30:33,011 - __main__ - INFO - Extracted 44 additional results from text
2025-11-06 15:30:33,021 - src.database_handler - INFO - Inserted test results for test_id: 16
2025-11-06 15:30:33,021 - __main__ - INFO - Processed: blood_30012023.PDF (61 total results extracted; pages parsed: 4)
2025-11-06 15:30:33,092 - __main__ - INFO - Processing: bloodResults_23092025.pdf (pages: 7)
2025-11-06 15:30:34,864 - __main__ - INFO - Table extraction found 1 table(s) across 7 page(s) for bloodResults_23092025.pdf
2025-11-06 15:30:34,892 - __main__ - INFO - Extracted 17 results from tables
2025-11-06 15:30:34,934 - __main__ - INFO - Extracted 56 additional results from text
2025-11-06 15:30:34,946 - src.database_handler - INFO - Inserted test results for test_id: 17
2025-11-06 15:30:34,946 - __main__ - INFO - Processed: bloodResults_23092025.pdf (73 total results extracted; pages parsed: 7)
2025-11-06 15:30:35,008 - __main__ - INFO - Processing: blood_28042025.PDF (pages: 6)
2025-11-06 15:30:36,778 - __main__ - INFO - Table extraction found 2 table(s) across 6 page(s) for blood_28042025.PDF
2025-11-06 15:30:36,804 - __main__ - INFO - Extracted 17 results from tables
2025-11-06 15:30:36,859 - __main__ - INFO - Extracted 55 additional results from text
2025-11-06 15:30:36,869 - src.database_handler - INFO - Inserted test results for test_id: 18
2025-11-06 15:30:36,869 - __main__ - INFO - Processed: blood_28042025.PDF (72 total results extracted; pages parsed: 6)
2025-11-06 15:30:36,928 - __main__ - INFO - Processing: blood_30012023.PDF (pages: 4)
2025-11-06 15:30:38,560 - __main__ - INFO - Table extraction found 2 table(s) across 4 page(s) for blood_30012023.PDF
2025-11-06 15:30:38,587 - __main__ - INFO - Extracted 17 results from tables
2025-11-06 15:30:38,618 - __main__ - INFO - Extracted 44 additional results from text
2025-11-06 15:30:38,628 - src.database_handler - INFO - Inserted test results for test_id: 19
2025-11-06 15:30:38,629 - __main__ - INFO - Processed: blood_30012023.PDF (61 total results extracted; pages parsed: 4)
2025-11-06 15:30:38,685 - __main__ - INFO - Processing: bloodResults_23092025.pdf (pages: 7)
2025-11-06 15:30:40,237 - __main__ - INFO - Table extraction found 1 table(s) across 7 page(s) for bloodResults_23092025.pdf
2025-11-06 15:30:40,261 - __main__ - INFO - Extracted 17 results from tables
2025-11-06 15:30:40,296 - __main__ - INFO - Extracted 56 additional results from text
2025-11-06 15:30:40,309 - src.database_handler - INFO - Inserted test results for test_id: 20
2025-11-06 15:30:40,309 - __main__ - INFO - Processed: bloodResults_23092025.pdf (73 total results extracted; pages parsed: 7)
2025-11-06 15:30:40,379 - __main__ - INFO - Processing: blood_01042024.PDF (pages: 9)
2025-11-06 15:30:42,414 - __main__ - INFO - Table extraction found 1 table(s) across 9 page(s) for blood_01042024.PDF
2025-11-06 15:30:42,442 - __main__ - INFO - Extracted 17 results from tables
2025-11-06 15:30:42,492 - __main__ - INFO - Extracted 69 additional results from text
2025-11-06 15:30:42,502 - src.database_handler - INFO - Inserted test results for test_id: 21
2025-11-06 15:30:42,502 - __main__ - INFO - Processed: blood_01042024.PDF (86 total results extracted; pages parsed: 9)
2025-11-06 15:30:42,556 - __main__ - INFO - Processing: blood_04122023.PDF (pages: 6)
2025-11-06 15:30:44,687 - __main__ - INFO - Table extraction found 2 table(s) across 6 page(s) for blood_04122023.PDF
2025-11-06 15:30:44,732 - __main__ - INFO - Extracted 17 results from tables
2025-11-06 15:30:44,810 - __main__ - INFO - Extracted 46 additional results from text
2025-11-06 15:30:44,829 - src.database_handler - INFO - Inserted test results for test_id: 22
2025-11-06 15:30:44,829 - __main__ - INFO - Processed: blood_04122023.PDF (63 total results extracted; pages parsed: 6)
2025-11-06 15:30:44,933 - __main__ - INFO - Processing: blood_05102023.PDF (pages: 5)
2025-11-06 15:30:46,687 - __main__ - INFO - Table extraction found 1 table(s) across 5 page(s) for blood_05102023.PDF
2025-11-06 15:30:46,712 - __main__ - INFO - Extracted 17 results from tables
2025-11-06 15:30:46,743 - __main__ - INFO - Extracted 44 additional results from text
2025-11-06 15:30:46,754 - src.database_handler - INFO - Inserted test results for test_id: 23
2025-11-06 15:30:46,754 - __main__ - INFO - Processed: blood_05102023.PDF (61 total results extracted; pages parsed: 5)
2025-11-06 15:30:46,812 - __main__ - INFO - Processing: blood_10072025.PDF (pages: 5)
2025-11-06 15:30:48,298 - __main__ - INFO - Table extraction found 2 table(s) across 5 page(s) for blood_10072025.PDF
2025-11-06 15:30:48,326 - __main__ - INFO - Extracted 17 results from tables
2025-11-06 15:30:48,358 - __main__ - INFO - Extracted 46 additional results from text
2025-11-06 15:30:48,368 - src.database_handler - INFO - Inserted test results for test_id: 24
2025-11-06 15:30:48,368 - __main__ - INFO - Processed: blood_10072025.PDF (63 total results extracted; pages parsed: 5)
2025-11-06 15:30:48,429 - __main__ - INFO - Processing: blood_11042023.PDF (pages: 8)
2025-11-06 15:30:50,365 - __main__ - INFO - Table extraction found 2 table(s) across 8 page(s) for blood_11042023.PDF
2025-11-06 15:30:50,391 - __main__ - INFO - Extracted 17 results from tables
2025-11-06 15:30:50,446 - __main__ - INFO - Extracted 61 additional results from text
2025-11-06 15:30:50,457 - src.database_handler - INFO - Inserted test results for test_id: 25
2025-11-06 15:30:50,458 - __main__ - INFO - Processed: blood_11042023.PDF (78 total results extracted; pages parsed: 8)
2025-11-06 15:30:50,513 - __main__ - INFO - Processing: blood_18092023.PDF (pages: 6)
2025-11-06 15:30:52,086 - __main__ - INFO - Table extraction found 2 table(s) across 6 page(s) for blood_18092023.PDF
2025-11-06 15:30:52,110 - __main__ - INFO - Extracted 17 results from tables
2025-11-06 15:30:52,158 - __main__ - INFO - Extracted 50 additional results from text
2025-11-06 15:30:52,169 - src.database_handler - INFO - Inserted test results for test_id: 26
2025-11-06 15:30:52,169 - __main__ - INFO - Processed: blood_18092023.PDF (67 total results extracted; pages parsed: 6)
2025-11-06 15:30:52,231 - __main__ - INFO - Processing: blood_18092024.PDF (pages: 7)
2025-11-06 15:30:53,684 - __main__ - INFO - Table extraction found 1 table(s) across 7 page(s) for blood_18092024.PDF
2025-11-06 15:30:53,706 - __main__ - INFO - Extracted 17 results from tables
2025-11-06 15:30:53,746 - __main__ - INFO - Extracted 54 additional results from text
2025-11-06 15:30:53,757 - src.database_handler - INFO - Inserted test results for test_id: 27
2025-11-06 15:30:53,757 - __main__ - INFO - Processed: blood_18092024.PDF (71 total results extracted; pages parsed: 7)
2025-11-06 15:30:53,993 - __main__ - INFO - Processing: blood_23122024.PDF (pages: 5)
2025-11-06 15:30:55,435 - __main__ - INFO - Table extraction found 2 table(s) across 5 page(s) for blood_23122024.PDF
2025-11-06 15:30:55,463 - __main__ - INFO - Extracted 17 results from tables
2025-11-06 15:30:55,500 - __main__ - INFO - Extracted 44 additional results from text
2025-11-06 15:30:55,512 - src.database_handler - INFO - Inserted test results for test_id: 28
2025-11-06 15:30:55,512 - __main__ - INFO - Processed: blood_23122024.PDF (61 total results extracted; pages parsed: 5)
2025-11-06 15:30:55,567 - __main__ - INFO - Processing: blood_24072023.PDF (pages: 4)
2025-11-06 15:30:56,936 - __main__ - INFO - Table extraction found 2 table(s) across 4 page(s) for blood_24072023.PDF
2025-11-06 15:30:56,966 - __main__ - INFO - Extracted 17 results from tables
2025-11-06 15:30:57,000 - __main__ - INFO - Extracted 42 additional results from text
2025-11-06 15:30:57,010 - src.database_handler - INFO - Inserted test results for test_id: 29
2025-11-06 15:30:57,010 - __main__ - INFO - Processed: blood_24072023.PDF (59 total results extracted; pages parsed: 4)
2025-11-06 15:30:57,062 - __main__ - INFO - Processing: blood_25062024.PDF (pages: 5)
2025-11-06 15:30:58,578 - __main__ - INFO - Table extraction found 2 table(s) across 5 page(s) for blood_25062024.PDF
2025-11-06 15:30:58,607 - __main__ - INFO - Extracted 17 results from tables
2025-11-06 15:30:58,642 - __main__ - INFO - Extracted 44 additional results from text
2025-11-06 15:30:58,651 - src.database_handler - INFO - Inserted test results for test_id: 30
2025-11-06 15:30:58,652 - __main__ - INFO - Processed: blood_25062024.PDF (61 total results extracted; pages parsed: 5)
2025-11-06 15:30:58,705 - __main__ - INFO - Processing: blood_28042025.PDF (pages: 6)
2025-11-06 15:31:00,294 - __main__ - INFO - Table extraction found 2 table(s) across 6 page(s) for blood_28042025.PDF
2025-11-06 15:31:00,320 - __main__ - INFO - Extracted 17 results from tables
2025-11-06 15:31:00,361 - __main__ - INFO - Extracted 55 additional results from text
2025-11-06 15:31:00,375 - src.database_handler - INFO - Inserted test results for test_id: 31
2025-11-06 15:31:00,375 - __main__ - INFO - Processed: blood_28042025.PDF (72 total results extracted; pages parsed: 6)
2025-11-06 15:31:00,427 - __main__ - INFO - Processing: blood_30012023.PDF (pages: 4)
2025-11-06 15:31:02,000 - __main__ - INFO - Table extraction found 2 table(s) across 4 page(s) for blood_30012023.PDF
2025-11-06 15:31:02,031 - __main__ - INFO - Extracted 17 results from tables
2025-11-06 15:31:02,057 - __main__ - INFO - Extracted 44 additional results from text
2025-11-06 15:31:02,067 - src.database_handler - INFO - Inserted test results for test_id: 32
2025-11-06 15:31:02,068 - __main__ - INFO - Processed: blood_30012023.PDF (61 total results extracted; pages parsed: 4)
2025-11-06 15:31:02,068 - __main__ - INFO - 
Processing complete!
2025-11-06 15:31:02,068 - __main__ - INFO - Total tests processed: 32
2025-11-06 15:31:02,068 - __main__ - INFO - Total results stored: 2164
2025-11-06 15:31:02,068 - src.database_handler - INFO - Database connection closed
2025-11-06 15:31:02,068 - __main__ - INFO - === MS Blood Test Tracker Finished ===
2025-11-06 15:34:04,297 - __main__ - INFO - === MS Blood Test Tracker Started ===
2025-11-06 15:34:04,300 - src.database_handler - INFO - Connected to database: C:\smakryko\ms-blood-test-tracker\data\ms_blood_tests.db
2025-11-06 15:34:04,302 - src.database_handler - INFO - Database initialized successfully
2025-11-06 15:34:04,312 - src.pdf_reader - INFO - Using PDF library: pdfplumber
2025-11-06 15:34:04,322 - __main__ - INFO - Found 8 PDF file(s) to process
2025-11-06 15:34:04,333 - __main__ - INFO - Processing: results_2018-2019.pdf (pages: 9)
2025-11-06 15:34:04,376 - __main__ - INFO - No structured data extracted; attempting legacy text parser
2025-11-06 15:34:04,377 - __main__ - WARNING - No data extracted from: results_2018-2019.pdf (pages: 9)
2025-11-06 15:34:04,384 - __main__ - INFO - Processing: results_2021.pdf (pages: 7)
2025-11-06 15:34:04,419 - __main__ - INFO - No structured data extracted; attempting legacy text parser
2025-11-06 15:34:04,420 - __main__ - WARNING - No data extracted from: results_2021.pdf (pages: 7)
2025-11-06 15:34:04,433 - __main__ - INFO - Processing: results_2022-2023.pdf (pages: 16)
2025-11-06 15:34:04,525 - __main__ - INFO - No structured data extracted; attempting legacy text parser
2025-11-06 15:34:04,526 - __main__ - WARNING - No data extracted from: results_2022-2023.pdf (pages: 16)
2025-11-06 15:34:04,532 - __main__ - INFO - Processing: results_24062019-.pdf (pages: 6)
2025-11-06 15:34:04,557 - __main__ - INFO - No structured data extracted; attempting legacy text parser
2025-11-06 15:34:04,558 - __main__ - WARNING - No data extracted from: results_24062019-.pdf (pages: 6)
2025-11-06 15:34:04,567 - __main__ - INFO - Processing: results_2018-2019.pdf (pages: 9)
2025-11-06 15:34:04,603 - __main__ - INFO - No structured data extracted; attempting legacy text parser
2025-11-06 15:34:04,603 - __main__ - WARNING - No data extracted from: results_2018-2019.pdf (pages: 9)
2025-11-06 15:34:04,610 - __main__ - INFO - Processing: results_2021.pdf (pages: 7)
2025-11-06 15:34:04,640 - __main__ - INFO - No structured data extracted; attempting legacy text parser
2025-11-06 15:34:04,641 - __main__ - WARNING - No data extracted from: results_2021.pdf (pages: 7)
2025-11-06 15:34:04,651 - __main__ - INFO - Processing: results_2022-2023.pdf (pages: 16)
2025-11-06 15:34:04,707 - __main__ - INFO - No structured data extracted; attempting legacy text parser
2025-11-06 15:34:04,707 - __main__ - WARNING - No data extracted from: results_2022-2023.pdf (pages: 16)
2025-11-06 15:34:04,713 - __main__ - INFO - Processing: results_24062019-.pdf (pages: 6)
2025-11-06 15:34:04,739 - __main__ - INFO - No structured data extracted; attempting legacy text parser
2025-11-06 15:34:04,740 - __main__ - WARNING - No data extracted from: results_24062019-.pdf (pages: 6)
2025-11-06 15:34:04,740 - __main__ - INFO - 
Processing complete!
2025-11-06 15:34:04,740 - __main__ - INFO - Total tests processed: 0
2025-11-06 15:34:04,740 - __main__ - INFO - Total results stored: 0
2025-11-06 15:34:04,741 - src.database_handler - INFO - Database connection closed
2025-11-06 15:34:04,741 - __main__ - INFO - === MS Blood Test Tracker Finished ===
2025-11-06 15:34:05,387 - __main__ - INFO - === MS Blood Test Tracker Started ===
2025-11-06 15:34:05,391 - src.database_handler - INFO - Connected to database: C:\smakryko\ms-blood-test-tracker\data\ms_blood_tests.db
2025-11-06 15:34:05,393 - src.database_handler - INFO - Database initialized successfully
2025-11-06 15:34:05,430 - src.database_handler - INFO - Exported 655 deduplicated results to results_complete.csv
2025-11-06 15:34:05,433 - __main__ - INFO - Results exported to: results_complete.csv
2025-11-06 15:34:05,434 - src.database_handler - INFO - Database connection closed
2025-11-06 15:34:05,434 - __main__ - INFO - === MS Blood Test Tracker Finished ===
2025-11-06 15:35:07,419 - __main__ - INFO - === MS Blood Test Tracker Started ===
2025-11-06 15:35:07,423 - src.database_handler - INFO - Connected to database: C:\smakryko\ms-blood-test-tracker\data\ms_blood_tests.db
2025-11-06 15:35:07,425 - src.database_handler - INFO - Database initialized successfully
2025-11-06 15:35:07,431 - src.pdf_reader - INFO - Using PDF library: pdfplumber
2025-11-06 15:35:07,433 - __main__ - INFO - Found 8 PDF file(s) to process
2025-11-06 15:35:07,443 - __main__ - INFO - Processing: results_2018-2019.pdf (pages: 9)
2025-11-06 15:35:07,481 - __main__ - INFO - No structured data extracted; attempting legacy text parser
2025-11-06 15:35:07,482 - __main__ - WARNING - No data extracted from: results_2018-2019.pdf (pages: 9)
2025-11-06 15:35:07,488 - __main__ - INFO - Processing: results_2021.pdf (pages: 7)
2025-11-06 15:35:07,520 - __main__ - INFO - No structured data extracted; attempting legacy text parser
2025-11-06 15:35:07,521 - __main__ - WARNING - No data extracted from: results_2021.pdf (pages: 7)
2025-11-06 15:35:07,535 - __main__ - INFO - Processing: results_2022-2023.pdf (pages: 16)
2025-11-06 15:35:07,596 - __main__ - INFO - No structured data extracted; attempting legacy text parser
2025-11-06 15:35:07,596 - __main__ - WARNING - No data extracted from: results_2022-2023.pdf (pages: 16)
2025-11-06 15:35:07,602 - __main__ - INFO - Processing: results_24062019-.pdf (pages: 6)
2025-11-06 15:35:07,630 - __main__ - INFO - No structured data extracted; attempting legacy text parser
2025-11-06 15:35:07,631 - __main__ - WARNING - No data extracted from: results_24062019-.pdf (pages: 6)
2025-11-06 15:35:07,637 - __main__ - INFO - Processing: results_2018-2019.pdf (pages: 9)
2025-11-06 15:35:07,676 - __main__ - INFO - No structured data extracted; attempting legacy text parser
2025-11-06 15:35:07,676 - __main__ - WARNING - No data extracted from: results_2018-2019.pdf (pages: 9)
2025-11-06 15:35:07,683 - __main__ - INFO - Processing: results_2021.pdf (pages: 7)
2025-11-06 15:35:07,740 - __main__ - INFO - No structured data extracted; attempting legacy text parser
2025-11-06 15:35:07,748 - __main__ - WARNING - No data extracted from: results_2021.pdf (pages: 7)
2025-11-06 15:35:07,798 - __main__ - INFO - Processing: results_2022-2023.pdf (pages: 16)
2025-11-06 15:35:07,897 - __main__ - INFO - No structured data extracted; attempting legacy text parser
2025-11-06 15:35:07,898 - __main__ - WARNING - No data extracted from: results_2022-2023.pdf (pages: 16)
2025-11-06 15:35:07,903 - __main__ - INFO - Processing: results_24062019-.pdf (pages: 6)
2025-11-06 15:35:07,929 - __main__ - INFO - No structured data extracted; attempting legacy text parser
2025-11-06 15:35:07,929 - __main__ - WARNING - No data extracted from: results_24062019-.pdf (pages: 6)
2025-11-06 15:35:07,929 - __main__ - INFO - 
Processing complete!
2025-11-06 15:35:07,929 - __main__ - INFO - Total tests processed: 0
2025-11-06 15:35:07,930 - __main__ - INFO - Total results stored: 0
2025-11-06 15:35:07,930 - src.database_handler - INFO - Database connection closed
2025-11-06 15:35:07,930 - __main__ - INFO - === MS Blood Test Tracker Finished ===
2025-11-06 15:35:08,619 - __main__ - INFO - === MS Blood Test Tracker Started ===
2025-11-06 15:35:08,625 - src.database_handler - INFO - Connected to database: C:\smakryko\ms-blood-test-tracker\data\ms_blood_tests.db
2025-11-06 15:35:08,630 - src.database_handler - INFO - Database initialized successfully
2025-11-06 15:35:08,654 - src.database_handler - WARNING - No results to export
2025-11-06 15:35:08,655 - __main__ - INFO - Results exported to: results_complete.csv
2025-11-06 15:35:08,659 - src.database_handler - INFO - Database connection closed
2025-11-06 15:35:08,662 - __main__ - INFO - === MS Blood Test Tracker Finished ===
2025-11-06 15:35:54,295 - __main__ - INFO - === MS Blood Test Tracker Started ===
2025-11-06 15:35:54,299 - src.database_handler - INFO - Connected to database: C:\smakryko\ms-blood-test-tracker\data\ms_blood_tests.db
2025-11-06 15:35:54,301 - src.database_handler - INFO - Database initialized successfully
2025-11-06 15:35:54,315 - src.pdf_reader - INFO - Using PDF library: pdfplumber
2025-11-06 15:35:54,319 - __main__ - INFO - Found 8 PDF file(s) to process
2025-11-06 15:35:54,332 - __main__ - INFO - Processing: results_2018-2019.pdf (pages: 9)
2025-11-06 15:35:54,387 - __main__ - INFO - No structured data extracted; attempting legacy text parser
2025-11-06 15:35:54,390 - __main__ - WARNING - No data extracted from: results_2018-2019.pdf (pages: 9)
2025-11-06 15:35:54,395 - __main__ - INFO - Processing: results_2021.pdf (pages: 7)
2025-11-06 15:35:54,431 - __main__ - INFO - No structured data extracted; attempting legacy text parser
2025-11-06 15:35:54,432 - __main__ - WARNING - No data extracted from: results_2021.pdf (pages: 7)
2025-11-06 15:35:54,448 - __main__ - INFO - Processing: results_2022-2023.pdf (pages: 16)
2025-11-06 15:35:54,523 - __main__ - INFO - No structured data extracted; attempting legacy text parser
2025-11-06 15:35:54,524 - __main__ - WARNING - No data extracted from: results_2022-2023.pdf (pages: 16)
2025-11-06 15:35:54,529 - __main__ - INFO - Processing: results_24062019-.pdf (pages: 6)
2025-11-06 15:35:54,562 - __main__ - INFO - No structured data extracted; attempting legacy text parser
2025-11-06 15:35:54,562 - __main__ - WARNING - No data extracted from: results_24062019-.pdf (pages: 6)
2025-11-06 15:35:54,569 - __main__ - INFO - Processing: results_2018-2019.pdf (pages: 9)
2025-11-06 15:35:54,628 - __main__ - INFO - No structured data extracted; attempting legacy text parser
2025-11-06 15:35:54,628 - __main__ - WARNING - No data extracted from: results_2018-2019.pdf (pages: 9)
2025-11-06 15:35:54,636 - __main__ - INFO - Processing: results_2021.pdf (pages: 7)
2025-11-06 15:35:54,675 - __main__ - INFO - No structured data extracted; attempting legacy text parser
2025-11-06 15:35:54,675 - __main__ - WARNING - No data extracted from: results_2021.pdf (pages: 7)
2025-11-06 15:35:54,684 - __main__ - INFO - Processing: results_2022-2023.pdf (pages: 16)
2025-11-06 15:35:54,751 - __main__ - INFO - No structured data extracted; attempting legacy text parser
2025-11-06 15:35:54,751 - __main__ - WARNING - No data extracted from: results_2022-2023.pdf (pages: 16)
2025-11-06 15:35:54,758 - __main__ - INFO - Processing: results_24062019-.pdf (pages: 6)
2025-11-06 15:35:54,784 - __main__ - INFO - No structured data extracted; attempting legacy text parser
2025-11-06 15:35:54,785 - __main__ - WARNING - No data extracted from: results_24062019-.pdf (pages: 6)
2025-11-06 15:35:54,785 - __main__ - INFO - 
Processing complete!
2025-11-06 15:35:54,785 - __main__ - INFO - Total tests processed: 0
2025-11-06 15:35:54,785 - __main__ - INFO - Total results stored: 0
2025-11-06 15:35:54,786 - src.database_handler - INFO - Database connection closed
2025-11-06 15:35:54,786 - __main__ - INFO - === MS Blood Test Tracker Finished ===
2025-11-06 15:35:55,414 - __main__ - INFO - === MS Blood Test Tracker Started ===
2025-11-06 15:35:55,418 - src.database_handler - INFO - Connected to database: C:\smakryko\ms-blood-test-tracker\data\ms_blood_tests.db
2025-11-06 15:35:55,419 - src.database_handler - INFO - Database initialized successfully
2025-11-06 15:35:55,431 - src.database_handler - WARNING - No results to export
2025-11-06 15:35:55,431 - __main__ - INFO - Results exported to: results_complete.csv
2025-11-06 15:35:55,432 - src.database_handler - INFO - Database connection closed
2025-11-06 15:35:55,432 - __main__ - INFO - === MS Blood Test Tracker Finished ===
2025-11-06 15:37:11,963 - __main__ - INFO - === MS Blood Test Tracker Started ===
2025-11-06 15:37:11,965 - src.database_handler - INFO - Connected to database: C:\smakryko\ms-blood-test-tracker\data\ms_blood_tests.db
2025-11-06 15:37:11,967 - src.database_handler - INFO - Migrating schema: adding category_code column to test_results
2025-11-06 15:37:11,967 - src.database_handler - ERROR - Schema migration failed: no such table: test_results
2025-11-06 15:37:12,005 - src.database_handler - INFO - Database initialized successfully
2025-11-06 15:37:12,011 - src.pdf_reader - INFO - Using PDF library: pdfplumber
2025-11-06 15:37:12,015 - __main__ - INFO - Found 8 PDF file(s) to process
2025-11-06 15:37:12,023 - __main__ - INFO - Processing: results_2018-2019.pdf (pages: 9)
2025-11-06 15:37:12,060 - __main__ - INFO - No structured data extracted; attempting legacy text parser
2025-11-06 15:37:12,061 - __main__ - WARNING - No data extracted from: results_2018-2019.pdf (pages: 9)
2025-11-06 15:37:12,067 - __main__ - INFO - Processing: results_2021.pdf (pages: 7)
2025-11-06 15:37:12,097 - __main__ - INFO - No structured data extracted; attempting legacy text parser
2025-11-06 15:37:12,098 - __main__ - WARNING - No data extracted from: results_2021.pdf (pages: 7)
2025-11-06 15:37:12,113 - __main__ - INFO - Processing: results_2022-2023.pdf (pages: 16)
2025-11-06 15:37:12,171 - __main__ - INFO - No structured data extracted; attempting legacy text parser
2025-11-06 15:37:12,171 - __main__ - WARNING - No data extracted from: results_2022-2023.pdf (pages: 16)
2025-11-06 15:37:12,177 - __main__ - INFO - Processing: results_24062019-.pdf (pages: 6)
2025-11-06 15:37:12,203 - __main__ - INFO - No structured data extracted; attempting legacy text parser
2025-11-06 15:37:12,203 - __main__ - WARNING - No data extracted from: results_24062019-.pdf (pages: 6)
2025-11-06 15:37:12,211 - __main__ - INFO - Processing: results_2018-2019.pdf (pages: 9)
2025-11-06 15:37:12,248 - __main__ - INFO - No structured data extracted; attempting legacy text parser
2025-11-06 15:37:12,249 - __main__ - WARNING - No data extracted from: results_2018-2019.pdf (pages: 9)
2025-11-06 15:37:12,257 - __main__ - INFO - Processing: results_2021.pdf (pages: 7)
2025-11-06 15:37:12,286 - __main__ - INFO - No structured data extracted; attempting legacy text parser
2025-11-06 15:37:12,287 - __main__ - WARNING - No data extracted from: results_2021.pdf (pages: 7)
2025-11-06 15:37:12,295 - __main__ - INFO - Processing: results_2022-2023.pdf (pages: 16)
2025-11-06 15:37:12,359 - __main__ - INFO - No structured data extracted; attempting legacy text parser
2025-11-06 15:37:12,360 - __main__ - WARNING - No data extracted from: results_2022-2023.pdf (pages: 16)
2025-11-06 15:37:12,368 - __main__ - INFO - Processing: results_24062019-.pdf (pages: 6)
2025-11-06 15:37:12,393 - __main__ - INFO - No structured data extracted; attempting legacy text parser
2025-11-06 15:37:12,394 - __main__ - WARNING - No data extracted from: results_24062019-.pdf (pages: 6)
2025-11-06 15:37:12,394 - __main__ - INFO - 
Processing complete!
2025-11-06 15:37:12,395 - __main__ - INFO - Total tests processed: 0
2025-11-06 15:37:12,395 - __main__ - INFO - Total results stored: 0
2025-11-06 15:37:12,395 - src.database_handler - INFO - Database connection closed
2025-11-06 15:37:12,396 - __main__ - INFO - === MS Blood Test Tracker Finished ===
2025-11-06 15:37:13,174 - __main__ - INFO - === MS Blood Test Tracker Started ===
2025-11-06 15:37:13,180 - src.database_handler - INFO - Connected to database: C:\smakryko\ms-blood-test-tracker\data\ms_blood_tests.db
2025-11-06 15:37:13,183 - src.database_handler - INFO - Database initialized successfully
2025-11-06 15:37:13,197 - src.database_handler - WARNING - No results to export
2025-11-06 15:37:13,197 - __main__ - INFO - Results exported to: results_complete.csv
2025-11-06 15:37:13,198 - src.database_handler - INFO - Database connection closed
2025-11-06 15:37:13,199 - __main__ - INFO - === MS Blood Test Tracker Finished ===
2025-11-06 15:38:20,454 - __main__ - INFO - === MS Blood Test Tracker Started ===
2025-11-06 15:38:20,458 - src.database_handler - INFO - Connected to database: C:\smakryko\ms-blood-test-tracker\data\ms_blood_tests.db
2025-11-06 15:38:20,461 - src.database_handler - INFO - Database initialized successfully
2025-11-06 15:38:20,468 - src.pdf_reader - INFO - Using PDF library: pdfplumber
2025-11-06 15:38:20,471 - __main__ - INFO - Found 8 PDF file(s) to process
2025-11-06 15:38:20,478 - __main__ - INFO - Processing: results_2018-2019.pdf (pages: 9)
2025-11-06 15:38:20,526 - __main__ - INFO - No structured data extracted; attempting legacy text parser
2025-11-06 15:38:20,527 - __main__ - WARNING - No data extracted from: results_2018-2019.pdf (pages: 9)
2025-11-06 15:38:20,534 - __main__ - INFO - Processing: results_2021.pdf (pages: 7)
2025-11-06 15:38:20,566 - __main__ - INFO - No structured data extracted; attempting legacy text parser
2025-11-06 15:38:20,566 - __main__ - WARNING - No data extracted from: results_2021.pdf (pages: 7)
2025-11-06 15:38:20,583 - __main__ - INFO - Processing: results_2022-2023.pdf (pages: 16)
2025-11-06 15:38:20,658 - __main__ - INFO - No structured data extracted; attempting legacy text parser
2025-11-06 15:38:20,659 - __main__ - WARNING - No data extracted from: results_2022-2023.pdf (pages: 16)
2025-11-06 15:38:20,665 - __main__ - INFO - Processing: results_24062019-.pdf (pages: 6)
2025-11-06 15:38:20,691 - __main__ - INFO - No structured data extracted; attempting legacy text parser
2025-11-06 15:38:20,691 - __main__ - WARNING - No data extracted from: results_24062019-.pdf (pages: 6)
2025-11-06 15:38:20,699 - __main__ - INFO - Processing: results_2018-2019.pdf (pages: 9)
2025-11-06 15:38:20,740 - __main__ - INFO - No structured data extracted; attempting legacy text parser
2025-11-06 15:38:20,740 - __main__ - WARNING - No data extracted from: results_2018-2019.pdf (pages: 9)
2025-11-06 15:38:20,752 - __main__ - INFO - Processing: results_2021.pdf (pages: 7)
2025-11-06 15:38:20,786 - __main__ - INFO - No structured data extracted; attempting legacy text parser
2025-11-06 15:38:20,786 - __main__ - WARNING - No data extracted from: results_2021.pdf (pages: 7)
2025-11-06 15:38:20,795 - __main__ - INFO - Processing: results_2022-2023.pdf (pages: 16)
2025-11-06 15:38:20,856 - __main__ - INFO - No structured data extracted; attempting legacy text parser
2025-11-06 15:38:20,856 - __main__ - WARNING - No data extracted from: results_2022-2023.pdf (pages: 16)
2025-11-06 15:38:20,862 - __main__ - INFO - Processing: results_24062019-.pdf (pages: 6)
2025-11-06 15:38:20,890 - __main__ - INFO - No structured data extracted; attempting legacy text parser
2025-11-06 15:38:20,890 - __main__ - WARNING - No data extracted from: results_24062019-.pdf (pages: 6)
2025-11-06 15:38:20,890 - __main__ - INFO - 
Processing complete!
2025-11-06 15:38:20,890 - __main__ - INFO - Total tests processed: 0
2025-11-06 15:38:20,891 - __main__ - INFO - Total results stored: 0
2025-11-06 15:38:20,891 - src.database_handler - INFO - Database connection closed
2025-11-06 15:38:20,891 - __main__ - INFO - === MS Blood Test Tracker Finished ===
2025-11-06 15:38:21,607 - __main__ - INFO - === MS Blood Test Tracker Started ===
2025-11-06 15:38:21,611 - src.database_handler - INFO - Connected to database: C:\smakryko\ms-blood-test-tracker\data\ms_blood_tests.db
2025-11-06 15:38:21,614 - src.database_handler - INFO - Database initialized successfully
2025-11-06 15:38:21,625 - src.database_handler - WARNING - No results to export
2025-11-06 15:38:21,626 - __main__ - INFO - Results exported to: results_complete.csv
2025-11-06 15:38:21,626 - src.database_handler - INFO - Database connection closed
2025-11-06 15:38:21,626 - __main__ - INFO - === MS Blood Test Tracker Finished ===
2025-11-06 15:39:49,655 - __main__ - INFO - === MS Blood Test Tracker Started ===
2025-11-06 15:39:49,661 - src.database_handler - INFO - Connected to database: C:\smakryko\ms-blood-test-tracker\data\ms_blood_tests.db
2025-11-06 15:39:49,663 - src.database_handler - INFO - Database initialized successfully
2025-11-06 15:39:49,670 - src.pdf_reader - INFO - Using PDF library: pdfplumber
2025-11-06 15:39:49,678 - __main__ - INFO - Found 26 PDF file(s) to process
2025-11-06 15:39:49,720 - __main__ - INFO - Processing: bloodResults_23092025.pdf (pages: 7)
2025-11-06 15:39:50,824 - __main__ - INFO - Table extraction found 1 table(s) across 7 page(s) for bloodResults_23092025.pdf
2025-11-06 15:39:50,864 - __main__ - INFO - Extracted 17 results from tables
2025-11-06 15:39:50,913 - __main__ - INFO - Extracted 56 additional results from text
2025-11-06 15:39:50,921 - src.database_handler - INFO - Inserted test results for test_id: 1
2025-11-06 15:39:50,922 - __main__ - INFO - Processed: bloodResults_23092025.pdf (73 total results extracted; pages parsed: 7)
2025-11-06 15:39:50,997 - __main__ - INFO - Processing: blood_01042024.PDF (pages: 9)
2025-11-06 15:39:52,217 - __main__ - INFO - Table extraction found 1 table(s) across 9 page(s) for blood_01042024.PDF
2025-11-06 15:39:52,233 - __main__ - INFO - Extracted 17 results from tables
2025-11-06 15:39:52,271 - __main__ - INFO - Extracted 69 additional results from text
2025-11-06 15:39:52,281 - src.database_handler - INFO - Inserted test results for test_id: 2
2025-11-06 15:39:52,281 - __main__ - INFO - Processed: blood_01042024.PDF (86 total results extracted; pages parsed: 9)
2025-11-06 15:39:52,323 - __main__ - INFO - Processing: blood_04122023.PDF (pages: 6)
2025-11-06 15:39:53,229 - __main__ - INFO - Table extraction found 2 table(s) across 6 page(s) for blood_04122023.PDF
2025-11-06 15:39:53,247 - __main__ - INFO - Extracted 17 results from tables
2025-11-06 15:39:53,276 - __main__ - INFO - Extracted 46 additional results from text
2025-11-06 15:39:53,286 - src.database_handler - INFO - Inserted test results for test_id: 3
2025-11-06 15:39:53,287 - __main__ - INFO - Processed: blood_04122023.PDF (63 total results extracted; pages parsed: 6)
2025-11-06 15:39:53,333 - __main__ - INFO - Processing: blood_05102023.PDF (pages: 5)
2025-11-06 15:39:54,182 - __main__ - INFO - Table extraction found 1 table(s) across 5 page(s) for blood_05102023.PDF
2025-11-06 15:39:54,198 - __main__ - INFO - Extracted 17 results from tables
2025-11-06 15:39:54,222 - __main__ - INFO - Extracted 44 additional results from text
2025-11-06 15:39:54,232 - src.database_handler - INFO - Inserted test results for test_id: 4
2025-11-06 15:39:54,233 - __main__ - INFO - Processed: blood_05102023.PDF (61 total results extracted; pages parsed: 5)
2025-11-06 15:39:54,272 - __main__ - INFO - Processing: blood_10072025.PDF (pages: 5)
2025-11-06 15:39:55,125 - __main__ - INFO - Table extraction found 2 table(s) across 5 page(s) for blood_10072025.PDF
2025-11-06 15:39:55,145 - __main__ - INFO - Extracted 17 results from tables
2025-11-06 15:39:55,173 - __main__ - INFO - Extracted 46 additional results from text
2025-11-06 15:39:55,183 - src.database_handler - INFO - Inserted test results for test_id: 5
2025-11-06 15:39:55,184 - __main__ - INFO - Processed: blood_10072025.PDF (63 total results extracted; pages parsed: 5)
2025-11-06 15:39:55,229 - __main__ - INFO - Processing: blood_11042023.PDF (pages: 8)
2025-11-06 15:39:56,559 - __main__ - INFO - Table extraction found 2 table(s) across 8 page(s) for blood_11042023.PDF
2025-11-06 15:39:56,589 - __main__ - INFO - Extracted 17 results from tables
2025-11-06 15:39:56,643 - __main__ - INFO - Extracted 61 additional results from text
2025-11-06 15:39:56,654 - src.database_handler - INFO - Inserted test results for test_id: 6
2025-11-06 15:39:56,654 - __main__ - INFO - Processed: blood_11042023.PDF (78 total results extracted; pages parsed: 8)
2025-11-06 15:39:56,727 - __main__ - INFO - Processing: blood_18092023.PDF (pages: 6)
2025-11-06 15:39:57,872 - __main__ - INFO - Table extraction found 2 table(s) across 6 page(s) for blood_18092023.PDF
2025-11-06 15:39:57,892 - __main__ - INFO - Extracted 17 results from tables
2025-11-06 15:39:57,918 - __main__ - INFO - Extracted 50 additional results from text
2025-11-06 15:39:57,927 - src.database_handler - INFO - Inserted test results for test_id: 7
2025-11-06 15:39:57,928 - __main__ - INFO - Processed: blood_18092023.PDF (67 total results extracted; pages parsed: 6)
2025-11-06 15:39:57,965 - __main__ - INFO - Processing: blood_18092024.PDF (pages: 7)
2025-11-06 15:39:58,948 - __main__ - INFO - Table extraction found 1 table(s) across 7 page(s) for blood_18092024.PDF
2025-11-06 15:39:58,964 - __main__ - INFO - Extracted 17 results from tables
2025-11-06 15:39:58,990 - __main__ - INFO - Extracted 54 additional results from text
2025-11-06 15:39:59,000 - src.database_handler - INFO - Inserted test results for test_id: 8
2025-11-06 15:39:59,001 - __main__ - INFO - Processed: blood_18092024.PDF (71 total results extracted; pages parsed: 7)
2025-11-06 15:39:59,043 - __main__ - INFO - Processing: blood_23122024.PDF (pages: 5)
2025-11-06 15:39:59,861 - __main__ - INFO - Table extraction found 2 table(s) across 5 page(s) for blood_23122024.PDF
2025-11-06 15:39:59,883 - __main__ - INFO - Extracted 17 results from tables
2025-11-06 15:39:59,912 - __main__ - INFO - Extracted 44 additional results from text
2025-11-06 15:39:59,919 - src.database_handler - INFO - Inserted test results for test_id: 9
2025-11-06 15:39:59,919 - __main__ - INFO - Processed: blood_23122024.PDF (61 total results extracted; pages parsed: 5)
2025-11-06 15:39:59,955 - __main__ - INFO - Processing: blood_24072023.PDF (pages: 4)
2025-11-06 15:40:00,777 - __main__ - INFO - Table extraction found 2 table(s) across 4 page(s) for blood_24072023.PDF
2025-11-06 15:40:00,796 - __main__ - INFO - Extracted 17 results from tables
2025-11-06 15:40:00,827 - __main__ - INFO - Extracted 42 additional results from text
2025-11-06 15:40:00,836 - src.database_handler - INFO - Inserted test results for test_id: 10
2025-11-06 15:40:00,836 - __main__ - INFO - Processed: blood_24072023.PDF (59 total results extracted; pages parsed: 4)
2025-11-06 15:40:00,870 - __main__ - INFO - Processing: blood_25062024.PDF (pages: 5)
2025-11-06 15:40:01,868 - __main__ - INFO - Table extraction found 2 table(s) across 5 page(s) for blood_25062024.PDF
2025-11-06 15:40:01,896 - __main__ - INFO - Extracted 17 results from tables
2025-11-06 15:40:01,929 - __main__ - INFO - Extracted 44 additional results from text
2025-11-06 15:40:01,938 - src.database_handler - INFO - Inserted test results for test_id: 11
2025-11-06 15:40:01,938 - __main__ - INFO - Processed: blood_25062024.PDF (61 total results extracted; pages parsed: 5)
2025-11-06 15:40:01,998 - __main__ - INFO - Processing: blood_28042025.PDF (pages: 6)
2025-11-06 15:40:03,078 - __main__ - INFO - Table extraction found 2 table(s) across 6 page(s) for blood_28042025.PDF
2025-11-06 15:40:03,095 - __main__ - INFO - Extracted 17 results from tables
2025-11-06 15:40:03,127 - __main__ - INFO - Extracted 55 additional results from text
2025-11-06 15:40:03,139 - src.database_handler - INFO - Inserted test results for test_id: 12
2025-11-06 15:40:03,141 - __main__ - INFO - Processed: blood_28042025.PDF (72 total results extracted; pages parsed: 6)
2025-11-06 15:40:03,178 - __main__ - INFO - Processing: blood_30012023.PDF (pages: 4)
2025-11-06 15:40:04,279 - __main__ - INFO - Table extraction found 2 table(s) across 4 page(s) for blood_30012023.PDF
2025-11-06 15:40:04,299 - __main__ - INFO - Extracted 17 results from tables
2025-11-06 15:40:04,322 - __main__ - INFO - Extracted 44 additional results from text
2025-11-06 15:40:04,333 - src.database_handler - INFO - Inserted test results for test_id: 13
2025-11-06 15:40:04,334 - __main__ - INFO - Processed: blood_30012023.PDF (61 total results extracted; pages parsed: 4)
2025-11-06 15:40:04,373 - __main__ - INFO - Processing: bloodResults_23092025.pdf (pages: 7)
2025-11-06 15:40:05,277 - __main__ - INFO - Table extraction found 1 table(s) across 7 page(s) for bloodResults_23092025.pdf
2025-11-06 15:40:05,292 - __main__ - INFO - Extracted 17 results from tables
2025-11-06 15:40:05,321 - __main__ - INFO - Extracted 56 additional results from text
2025-11-06 15:40:05,332 - src.database_handler - INFO - Inserted test results for test_id: 14
2025-11-06 15:40:05,332 - __main__ - INFO - Processed: bloodResults_23092025.pdf (73 total results extracted; pages parsed: 7)
2025-11-06 15:40:05,396 - __main__ - INFO - Processing: blood_01042024.PDF (pages: 9)
2025-11-06 15:40:06,609 - __main__ - INFO - Table extraction found 1 table(s) across 9 page(s) for blood_01042024.PDF
2025-11-06 15:40:06,626 - __main__ - INFO - Extracted 17 results from tables
2025-11-06 15:40:06,662 - __main__ - INFO - Extracted 69 additional results from text
2025-11-06 15:40:06,670 - src.database_handler - INFO - Inserted test results for test_id: 15
2025-11-06 15:40:06,671 - __main__ - INFO - Processed: blood_01042024.PDF (86 total results extracted; pages parsed: 9)
2025-11-06 15:40:06,706 - __main__ - INFO - Processing: blood_04122023.PDF (pages: 6)
2025-11-06 15:40:07,752 - __main__ - INFO - Table extraction found 2 table(s) across 6 page(s) for blood_04122023.PDF
2025-11-06 15:40:07,771 - __main__ - INFO - Extracted 17 results from tables
2025-11-06 15:40:07,811 - __main__ - INFO - Extracted 46 additional results from text
2025-11-06 15:40:07,821 - src.database_handler - INFO - Inserted test results for test_id: 16
2025-11-06 15:40:07,821 - __main__ - INFO - Processed: blood_04122023.PDF (63 total results extracted; pages parsed: 6)
2025-11-06 15:40:07,875 - __main__ - INFO - Processing: blood_05102023.PDF (pages: 5)
2025-11-06 15:40:08,870 - __main__ - INFO - Table extraction found 1 table(s) across 5 page(s) for blood_05102023.PDF
2025-11-06 15:40:08,885 - __main__ - INFO - Extracted 17 results from tables
2025-11-06 15:40:08,905 - __main__ - INFO - Extracted 44 additional results from text
2025-11-06 15:40:08,915 - src.database_handler - INFO - Inserted test results for test_id: 17
2025-11-06 15:40:08,915 - __main__ - INFO - Processed: blood_05102023.PDF (61 total results extracted; pages parsed: 5)
2025-11-06 15:40:08,952 - __main__ - INFO - Processing: blood_10072025.PDF (pages: 5)
2025-11-06 15:40:09,875 - __main__ - INFO - Table extraction found 2 table(s) across 5 page(s) for blood_10072025.PDF
2025-11-06 15:40:09,906 - __main__ - INFO - Extracted 17 results from tables
2025-11-06 15:40:09,948 - __main__ - INFO - Extracted 46 additional results from text
2025-11-06 15:40:09,960 - src.database_handler - INFO - Inserted test results for test_id: 18
2025-11-06 15:40:09,961 - __main__ - INFO - Processed: blood_10072025.PDF (63 total results extracted; pages parsed: 5)
2025-11-06 15:40:10,017 - __main__ - INFO - Processing: blood_11042023.PDF (pages: 8)
2025-11-06 15:40:11,180 - __main__ - INFO - Table extraction found 2 table(s) across 8 page(s) for blood_11042023.PDF
2025-11-06 15:40:11,199 - __main__ - INFO - Extracted 17 results from tables
2025-11-06 15:40:11,231 - __main__ - INFO - Extracted 61 additional results from text
2025-11-06 15:40:11,239 - src.database_handler - INFO - Inserted test results for test_id: 19
2025-11-06 15:40:11,240 - __main__ - INFO - Processed: blood_11042023.PDF (78 total results extracted; pages parsed: 8)
2025-11-06 15:40:11,279 - __main__ - INFO - Processing: blood_18092023.PDF (pages: 6)
2025-11-06 15:40:12,248 - __main__ - INFO - Table extraction found 2 table(s) across 6 page(s) for blood_18092023.PDF
2025-11-06 15:40:12,267 - __main__ - INFO - Extracted 17 results from tables
2025-11-06 15:40:12,297 - __main__ - INFO - Extracted 50 additional results from text
2025-11-06 15:40:12,310 - src.database_handler - INFO - Inserted test results for test_id: 20
2025-11-06 15:40:12,310 - __main__ - INFO - Processed: blood_18092023.PDF (67 total results extracted; pages parsed: 6)
2025-11-06 15:40:12,347 - __main__ - INFO - Processing: blood_18092024.PDF (pages: 7)
2025-11-06 15:40:13,469 - __main__ - INFO - Table extraction found 1 table(s) across 7 page(s) for blood_18092024.PDF
2025-11-06 15:40:13,489 - __main__ - INFO - Extracted 17 results from tables
2025-11-06 15:40:13,516 - __main__ - INFO - Extracted 54 additional results from text
2025-11-06 15:40:13,526 - src.database_handler - INFO - Inserted test results for test_id: 21
2025-11-06 15:40:13,526 - __main__ - INFO - Processed: blood_18092024.PDF (71 total results extracted; pages parsed: 7)
2025-11-06 15:40:13,564 - __main__ - INFO - Processing: blood_23122024.PDF (pages: 5)
2025-11-06 15:40:14,484 - __main__ - INFO - Table extraction found 2 table(s) across 5 page(s) for blood_23122024.PDF
2025-11-06 15:40:14,503 - __main__ - INFO - Extracted 17 results from tables
2025-11-06 15:40:14,526 - __main__ - INFO - Extracted 44 additional results from text
2025-11-06 15:40:14,534 - src.database_handler - INFO - Inserted test results for test_id: 22
2025-11-06 15:40:14,534 - __main__ - INFO - Processed: blood_23122024.PDF (61 total results extracted; pages parsed: 5)
2025-11-06 15:40:14,572 - __main__ - INFO - Processing: blood_24072023.PDF (pages: 4)
2025-11-06 15:40:15,436 - __main__ - INFO - Table extraction found 2 table(s) across 4 page(s) for blood_24072023.PDF
2025-11-06 15:40:15,453 - __main__ - INFO - Extracted 17 results from tables
2025-11-06 15:40:15,478 - __main__ - INFO - Extracted 42 additional results from text
2025-11-06 15:40:15,486 - src.database_handler - INFO - Inserted test results for test_id: 23
2025-11-06 15:40:15,487 - __main__ - INFO - Processed: blood_24072023.PDF (59 total results extracted; pages parsed: 4)
2025-11-06 15:40:15,520 - __main__ - INFO - Processing: blood_25062024.PDF (pages: 5)
2025-11-06 15:40:16,533 - __main__ - INFO - Table extraction found 2 table(s) across 5 page(s) for blood_25062024.PDF
2025-11-06 15:40:16,549 - __main__ - INFO - Extracted 17 results from tables
2025-11-06 15:40:16,574 - __main__ - INFO - Extracted 44 additional results from text
2025-11-06 15:40:16,585 - src.database_handler - INFO - Inserted test results for test_id: 24
2025-11-06 15:40:16,585 - __main__ - INFO - Processed: blood_25062024.PDF (61 total results extracted; pages parsed: 5)
2025-11-06 15:40:16,621 - __main__ - INFO - Processing: blood_28042025.PDF (pages: 6)
2025-11-06 15:40:17,603 - __main__ - INFO - Table extraction found 2 table(s) across 6 page(s) for blood_28042025.PDF
2025-11-06 15:40:17,626 - __main__ - INFO - Extracted 17 results from tables
2025-11-06 15:40:17,654 - __main__ - INFO - Extracted 55 additional results from text
2025-11-06 15:40:17,665 - src.database_handler - INFO - Inserted test results for test_id: 25
2025-11-06 15:40:17,665 - __main__ - INFO - Processed: blood_28042025.PDF (72 total results extracted; pages parsed: 6)
2025-11-06 15:40:17,711 - __main__ - INFO - Processing: blood_30012023.PDF (pages: 4)
2025-11-06 15:40:18,721 - __main__ - INFO - Table extraction found 2 table(s) across 4 page(s) for blood_30012023.PDF
2025-11-06 15:40:18,737 - __main__ - INFO - Extracted 17 results from tables
2025-11-06 15:40:18,762 - __main__ - INFO - Extracted 44 additional results from text
2025-11-06 15:40:18,770 - src.database_handler - INFO - Inserted test results for test_id: 26
2025-11-06 15:40:18,770 - __main__ - INFO - Processed: blood_30012023.PDF (61 total results extracted; pages parsed: 4)
2025-11-06 15:40:18,770 - __main__ - INFO - 
Processing complete!
2025-11-06 15:40:18,771 - __main__ - INFO - Total tests processed: 26
2025-11-06 15:40:18,771 - __main__ - INFO - Total results stored: 1752
2025-11-06 15:40:18,772 - src.database_handler - INFO - Database connection closed
2025-11-06 15:40:18,773 - __main__ - INFO - === MS Blood Test Tracker Finished ===
2025-11-06 15:40:19,615 - __main__ - INFO - === MS Blood Test Tracker Started ===
2025-11-06 15:40:19,619 - src.database_handler - INFO - Connected to database: C:\smakryko\ms-blood-test-tracker\data\ms_blood_tests.db
2025-11-06 15:40:19,621 - src.database_handler - INFO - Database initialized successfully
2025-11-06 15:40:19,650 - src.database_handler - INFO - Exported 655 deduplicated results to results_complete.csv
2025-11-06 15:40:19,650 - __main__ - INFO - Results exported to: results_complete.csv
2025-11-06 15:40:19,651 - src.database_handler - INFO - Database connection closed
2025-11-06 15:40:19,651 - __main__ - INFO - === MS Blood Test Tracker Finished ===
2025-11-06 15:41:33,556 - __main__ - INFO - === MS Blood Test Tracker Started ===
2025-11-06 15:41:33,558 - src.database_handler - INFO - Connected to database: C:\smakryko\ms-blood-test-tracker\data\ms_blood_tests.db
2025-11-06 15:41:33,560 - src.database_handler - INFO - Migrating schema: adding category_code column to test_results
2025-11-06 15:41:33,560 - src.database_handler - ERROR - Schema migration failed: no such table: test_results
2025-11-06 15:41:33,566 - src.database_handler - INFO - Database initialized successfully
2025-11-06 15:41:33,573 - src.pdf_reader - INFO - Using PDF library: pdfplumber
2025-11-06 15:41:33,576 - __main__ - INFO - Found 8 PDF file(s) to process
2025-11-06 15:41:33,586 - __main__ - INFO - Processing: results_2018-2019.pdf (pages: 9)
2025-11-06 15:41:33,633 - __main__ - INFO - No structured data extracted; attempting legacy text parser
2025-11-06 15:41:33,633 - __main__ - WARNING - No data extracted from: results_2018-2019.pdf (pages: 9)
2025-11-06 15:41:33,641 - __main__ - INFO - Processing: results_2021.pdf (pages: 7)
2025-11-06 15:41:33,674 - __main__ - INFO - No structured data extracted; attempting legacy text parser
2025-11-06 15:41:33,674 - __main__ - WARNING - No data extracted from: results_2021.pdf (pages: 7)
2025-11-06 15:41:33,688 - __main__ - INFO - Processing: results_2022-2023.pdf (pages: 16)
2025-11-06 15:41:33,749 - __main__ - INFO - No structured data extracted; attempting legacy text parser
2025-11-06 15:41:33,749 - __main__ - WARNING - No data extracted from: results_2022-2023.pdf (pages: 16)
2025-11-06 15:41:33,756 - __main__ - INFO - Processing: results_24062019-.pdf (pages: 6)
2025-11-06 15:41:33,782 - __main__ - INFO - No structured data extracted; attempting legacy text parser
2025-11-06 15:41:33,782 - __main__ - WARNING - No data extracted from: results_24062019-.pdf (pages: 6)
2025-11-06 15:41:33,793 - __main__ - INFO - Processing: results_2018-2019.pdf (pages: 9)
2025-11-06 15:41:33,831 - __main__ - INFO - No structured data extracted; attempting legacy text parser
2025-11-06 15:41:33,831 - __main__ - WARNING - No data extracted from: results_2018-2019.pdf (pages: 9)
2025-11-06 15:41:33,840 - __main__ - INFO - Processing: results_2021.pdf (pages: 7)
2025-11-06 15:41:33,870 - __main__ - INFO - No structured data extracted; attempting legacy text parser
2025-11-06 15:41:33,870 - __main__ - WARNING - No data extracted from: results_2021.pdf (pages: 7)
2025-11-06 15:41:33,879 - __main__ - INFO - Processing: results_2022-2023.pdf (pages: 16)
2025-11-06 15:41:33,942 - __main__ - INFO - No structured data extracted; attempting legacy text parser
2025-11-06 15:41:33,942 - __main__ - WARNING - No data extracted from: results_2022-2023.pdf (pages: 16)
2025-11-06 15:41:33,948 - __main__ - INFO - Processing: results_24062019-.pdf (pages: 6)
2025-11-06 15:41:33,977 - __main__ - INFO - No structured data extracted; attempting legacy text parser
2025-11-06 15:41:33,977 - __main__ - WARNING - No data extracted from: results_24062019-.pdf (pages: 6)
2025-11-06 15:41:33,977 - __main__ - INFO - 
Processing complete!
2025-11-06 15:41:33,977 - __main__ - INFO - Total tests processed: 0
2025-11-06 15:41:33,977 - __main__ - INFO - Total results stored: 0
2025-11-06 15:41:33,978 - src.database_handler - INFO - Database connection closed
2025-11-06 15:41:33,978 - __main__ - INFO - === MS Blood Test Tracker Finished ===
2025-11-06 15:41:34,610 - __main__ - INFO - === MS Blood Test Tracker Started ===
2025-11-06 15:41:34,615 - src.database_handler - INFO - Connected to database: C:\smakryko\ms-blood-test-tracker\data\ms_blood_tests.db
2025-11-06 15:41:34,617 - src.database_handler - INFO - Database initialized successfully
2025-11-06 15:41:34,627 - src.database_handler - WARNING - No results to export
2025-11-06 15:41:34,628 - __main__ - INFO - Results exported to: results_complete.csv
2025-11-06 15:41:34,628 - src.database_handler - INFO - Database connection closed
2025-11-06 15:41:34,628 - __main__ - INFO - === MS Blood Test Tracker Finished ===
2025-11-06 16:21:26,488 - __main__ - INFO - === MS Blood Test Tracker Started ===
2025-11-06 16:21:26,520 - src.database_handler - INFO - Connected to database: C:\smakryko\ms-blood-test-tracker\data\ms_blood_tests.db
2025-11-06 16:21:26,528 - src.database_handler - INFO - Database initialized successfully
2025-11-06 16:21:26,536 - src.pdf_reader - INFO - Using PDF library: pdfplumber
2025-11-06 16:21:26,536 - __main__ - INFO - Found 34 PDF file(s) to process
2025-11-06 16:21:26,576 - __main__ - INFO - Processing: bloodResults_23092025.pdf (pages: 7)
2025-11-06 16:21:27,659 - __main__ - INFO - Table extraction found 1 table(s) across 7 page(s) for bloodResults_23092025.pdf
2025-11-06 16:21:27,688 - __main__ - INFO - Extracted 17 results from tables
2025-11-06 16:21:27,716 - __main__ - INFO - Extracted 56 additional results from text
2025-11-06 16:21:27,732 - src.database_handler - INFO - Inserted test results for test_id: 27
2025-11-06 16:21:27,732 - __main__ - INFO - Processed: bloodResults_23092025.pdf (73 total results extracted; pages parsed: 7)
2025-11-06 16:21:27,772 - __main__ - INFO - Processing: blood_01042024.PDF (pages: 9)
2025-11-06 16:21:29,066 - __main__ - INFO - Table extraction found 1 table(s) across 9 page(s) for blood_01042024.PDF
2025-11-06 16:21:29,082 - __main__ - INFO - Extracted 17 results from tables
2025-11-06 16:21:29,122 - __main__ - INFO - Extracted 69 additional results from text
2025-11-06 16:21:29,130 - src.database_handler - INFO - Inserted test results for test_id: 28
2025-11-06 16:21:29,130 - __main__ - INFO - Processed: blood_01042024.PDF (86 total results extracted; pages parsed: 9)
2025-11-06 16:21:29,163 - __main__ - INFO - Processing: blood_04122023.PDF (pages: 6)
2025-11-06 16:21:30,373 - __main__ - INFO - Table extraction found 2 table(s) across 6 page(s) for blood_04122023.PDF
2025-11-06 16:21:30,397 - __main__ - INFO - Extracted 17 results from tables
2025-11-06 16:21:30,421 - __main__ - INFO - Extracted 46 additional results from text
2025-11-06 16:21:30,430 - src.database_handler - INFO - Inserted test results for test_id: 29
2025-11-06 16:21:30,430 - __main__ - INFO - Processed: blood_04122023.PDF (63 total results extracted; pages parsed: 6)
2025-11-06 16:21:30,469 - __main__ - INFO - Processing: blood_05102023.PDF (pages: 5)
2025-11-06 16:21:31,537 - __main__ - INFO - Table extraction found 1 table(s) across 5 page(s) for blood_05102023.PDF
2025-11-06 16:21:31,553 - __main__ - INFO - Extracted 17 results from tables
2025-11-06 16:21:31,577 - __main__ - INFO - Extracted 44 additional results from text
2025-11-06 16:21:31,585 - src.database_handler - INFO - Inserted test results for test_id: 30
2025-11-06 16:21:31,585 - __main__ - INFO - Processed: blood_05102023.PDF (61 total results extracted; pages parsed: 5)
2025-11-06 16:21:31,617 - __main__ - INFO - Processing: blood_10072025.PDF (pages: 5)
2025-11-06 16:21:32,655 - __main__ - INFO - Table extraction found 2 table(s) across 5 page(s) for blood_10072025.PDF
2025-11-06 16:21:32,677 - __main__ - INFO - Extracted 17 results from tables
2025-11-06 16:21:32,699 - __main__ - INFO - Extracted 46 additional results from text
2025-11-06 16:21:32,709 - src.database_handler - INFO - Inserted test results for test_id: 31
2025-11-06 16:21:32,709 - __main__ - INFO - Processed: blood_10072025.PDF (63 total results extracted; pages parsed: 5)
2025-11-06 16:21:32,748 - __main__ - INFO - Processing: blood_11042023.PDF (pages: 8)
2025-11-06 16:21:33,977 - __main__ - INFO - Table extraction found 2 table(s) across 8 page(s) for blood_11042023.PDF
2025-11-06 16:21:33,993 - __main__ - INFO - Extracted 17 results from tables
2025-11-06 16:21:34,041 - __main__ - INFO - Extracted 61 additional results from text
2025-11-06 16:21:34,041 - src.database_handler - INFO - Inserted test results for test_id: 32
2025-11-06 16:21:34,041 - __main__ - INFO - Processed: blood_11042023.PDF (78 total results extracted; pages parsed: 8)
2025-11-06 16:21:34,081 - __main__ - INFO - Processing: blood_18092023.PDF (pages: 6)
2025-11-06 16:21:35,256 - __main__ - INFO - Table extraction found 2 table(s) across 6 page(s) for blood_18092023.PDF
2025-11-06 16:21:35,280 - __main__ - INFO - Extracted 17 results from tables
2025-11-06 16:21:35,312 - __main__ - INFO - Extracted 50 additional results from text
2025-11-06 16:21:35,320 - src.database_handler - INFO - Inserted test results for test_id: 33
2025-11-06 16:21:35,320 - __main__ - INFO - Processed: blood_18092023.PDF (67 total results extracted; pages parsed: 6)
2025-11-06 16:21:35,362 - __main__ - INFO - Processing: blood_18092024.PDF (pages: 7)
2025-11-06 16:21:36,657 - __main__ - INFO - Table extraction found 1 table(s) across 7 page(s) for blood_18092024.PDF
2025-11-06 16:21:36,678 - __main__ - INFO - Extracted 17 results from tables
2025-11-06 16:21:36,718 - __main__ - INFO - Extracted 54 additional results from text
2025-11-06 16:21:36,734 - src.database_handler - INFO - Inserted test results for test_id: 34
2025-11-06 16:21:36,734 - __main__ - INFO - Processed: blood_18092024.PDF (71 total results extracted; pages parsed: 7)
2025-11-06 16:21:36,777 - __main__ - INFO - Processing: blood_23122024.PDF (pages: 5)
2025-11-06 16:21:37,954 - __main__ - INFO - Table extraction found 2 table(s) across 5 page(s) for blood_23122024.PDF
2025-11-06 16:21:37,978 - __main__ - INFO - Extracted 17 results from tables
2025-11-06 16:21:38,002 - __main__ - INFO - Extracted 44 additional results from text
2025-11-06 16:21:38,014 - src.database_handler - INFO - Inserted test results for test_id: 35
2025-11-06 16:21:38,014 - __main__ - INFO - Processed: blood_23122024.PDF (61 total results extracted; pages parsed: 5)
2025-11-06 16:21:38,051 - __main__ - INFO - Processing: blood_24072023.PDF (pages: 4)
2025-11-06 16:21:39,016 - __main__ - INFO - Table extraction found 2 table(s) across 4 page(s) for blood_24072023.PDF
2025-11-06 16:21:39,039 - __main__ - INFO - Extracted 17 results from tables
2025-11-06 16:21:39,071 - __main__ - INFO - Extracted 42 additional results from text
2025-11-06 16:21:39,079 - src.database_handler - INFO - Inserted test results for test_id: 36
2025-11-06 16:21:39,079 - __main__ - INFO - Processed: blood_24072023.PDF (59 total results extracted; pages parsed: 4)
2025-11-06 16:21:39,116 - __main__ - INFO - Processing: blood_25062024.PDF (pages: 5)
2025-11-06 16:21:40,188 - __main__ - INFO - Table extraction found 2 table(s) across 5 page(s) for blood_25062024.PDF
2025-11-06 16:21:40,204 - __main__ - INFO - Extracted 17 results from tables
2025-11-06 16:21:40,237 - __main__ - INFO - Extracted 44 additional results from text
2025-11-06 16:21:40,245 - src.database_handler - INFO - Inserted test results for test_id: 37
2025-11-06 16:21:40,245 - __main__ - INFO - Processed: blood_25062024.PDF (61 total results extracted; pages parsed: 5)
2025-11-06 16:21:40,285 - __main__ - INFO - Processing: blood_28042025.PDF (pages: 6)
2025-11-06 16:21:41,483 - __main__ - INFO - Table extraction found 2 table(s) across 6 page(s) for blood_28042025.PDF
2025-11-06 16:21:41,507 - __main__ - INFO - Extracted 17 results from tables
2025-11-06 16:21:41,543 - __main__ - INFO - Extracted 55 additional results from text
2025-11-06 16:21:41,551 - src.database_handler - INFO - Inserted test results for test_id: 38
2025-11-06 16:21:41,552 - __main__ - INFO - Processed: blood_28042025.PDF (72 total results extracted; pages parsed: 6)
2025-11-06 16:21:41,584 - __main__ - INFO - Processing: blood_30012023.PDF (pages: 4)
2025-11-06 16:21:42,600 - __main__ - INFO - Table extraction found 2 table(s) across 4 page(s) for blood_30012023.PDF
2025-11-06 16:21:42,620 - __main__ - INFO - Extracted 17 results from tables
2025-11-06 16:21:42,644 - __main__ - INFO - Extracted 44 additional results from text
2025-11-06 16:21:42,657 - src.database_handler - INFO - Inserted test results for test_id: 39
2025-11-06 16:21:42,657 - __main__ - INFO - Processed: blood_30012023.PDF (61 total results extracted; pages parsed: 4)
2025-11-06 16:21:42,692 - __main__ - INFO - Processing: results_2018-2019.pdf (pages: 9)
2025-11-06 16:21:42,732 - __main__ - INFO - No structured data extracted; attempting legacy text parser
2025-11-06 16:21:42,732 - __main__ - WARNING - No data extracted from: results_2018-2019.pdf (pages: 9)
2025-11-06 16:21:42,772 - __main__ - INFO - Processing: results_2021.pdf (pages: 7)
2025-11-06 16:21:42,804 - __main__ - INFO - No structured data extracted; attempting legacy text parser
2025-11-06 16:21:42,804 - __main__ - WARNING - No data extracted from: results_2021.pdf (pages: 7)
2025-11-06 16:21:42,812 - __main__ - INFO - Processing: results_2022-2023.pdf (pages: 16)
2025-11-06 16:21:42,884 - __main__ - INFO - No structured data extracted; attempting legacy text parser
2025-11-06 16:21:42,884 - __main__ - WARNING - No data extracted from: results_2022-2023.pdf (pages: 16)
2025-11-06 16:21:42,909 - __main__ - INFO - Processing: results_24062019-.pdf (pages: 6)
2025-11-06 16:21:42,941 - __main__ - INFO - No structured data extracted; attempting legacy text parser
2025-11-06 16:21:42,941 - __main__ - WARNING - No data extracted from: results_24062019-.pdf (pages: 6)
2025-11-06 16:21:42,981 - __main__ - INFO - Processing: bloodResults_23092025.pdf (pages: 7)
2025-11-06 16:21:44,044 - __main__ - INFO - Table extraction found 1 table(s) across 7 page(s) for bloodResults_23092025.pdf
2025-11-06 16:21:44,066 - __main__ - INFO - Extracted 17 results from tables
2025-11-06 16:21:44,090 - __main__ - INFO - Extracted 56 additional results from text
2025-11-06 16:21:44,098 - src.database_handler - INFO - Inserted test results for test_id: 40
2025-11-06 16:21:44,098 - __main__ - INFO - Processed: bloodResults_23092025.pdf (73 total results extracted; pages parsed: 7)
2025-11-06 16:21:44,146 - __main__ - INFO - Processing: blood_01042024.PDF (pages: 9)
2025-11-06 16:21:45,636 - __main__ - INFO - Table extraction found 1 table(s) across 9 page(s) for blood_01042024.PDF
2025-11-06 16:21:45,659 - __main__ - INFO - Extracted 17 results from tables
2025-11-06 16:21:45,692 - __main__ - INFO - Extracted 69 additional results from text
2025-11-06 16:21:45,701 - src.database_handler - INFO - Inserted test results for test_id: 41
2025-11-06 16:21:45,701 - __main__ - INFO - Processed: blood_01042024.PDF (86 total results extracted; pages parsed: 9)
2025-11-06 16:21:45,740 - __main__ - INFO - Processing: blood_04122023.PDF (pages: 6)
2025-11-06 16:21:46,800 - __main__ - INFO - Table extraction found 2 table(s) across 6 page(s) for blood_04122023.PDF
2025-11-06 16:21:46,824 - __main__ - INFO - Extracted 17 results from tables
2025-11-06 16:21:46,856 - __main__ - INFO - Extracted 46 additional results from text
2025-11-06 16:21:46,865 - src.database_handler - INFO - Inserted test results for test_id: 42
2025-11-06 16:21:46,865 - __main__ - INFO - Processed: blood_04122023.PDF (63 total results extracted; pages parsed: 6)
2025-11-06 16:21:46,905 - __main__ - INFO - Processing: blood_05102023.PDF (pages: 5)
2025-11-06 16:21:47,792 - __main__ - INFO - Table extraction found 1 table(s) across 5 page(s) for blood_05102023.PDF
2025-11-06 16:21:47,808 - __main__ - INFO - Extracted 17 results from tables
2025-11-06 16:21:47,831 - __main__ - INFO - Extracted 44 additional results from text
2025-11-06 16:21:47,840 - src.database_handler - INFO - Inserted test results for test_id: 43
2025-11-06 16:21:47,840 - __main__ - INFO - Processed: blood_05102023.PDF (61 total results extracted; pages parsed: 5)
2025-11-06 16:21:47,880 - __main__ - INFO - Processing: blood_10072025.PDF (pages: 5)
2025-11-06 16:21:49,042 - __main__ - INFO - Table extraction found 2 table(s) across 5 page(s) for blood_10072025.PDF
2025-11-06 16:21:49,058 - __main__ - INFO - Extracted 17 results from tables
2025-11-06 16:21:49,082 - __main__ - INFO - Extracted 46 additional results from text
2025-11-06 16:21:49,092 - src.database_handler - INFO - Inserted test results for test_id: 44
2025-11-06 16:21:49,092 - __main__ - INFO - Processed: blood_10072025.PDF (63 total results extracted; pages parsed: 5)
2025-11-06 16:21:49,134 - __main__ - INFO - Processing: blood_11042023.PDF (pages: 8)
2025-11-06 16:21:50,360 - __main__ - INFO - Table extraction found 2 table(s) across 8 page(s) for blood_11042023.PDF
2025-11-06 16:21:50,376 - __main__ - INFO - Extracted 17 results from tables
2025-11-06 16:21:50,418 - __main__ - INFO - Extracted 61 additional results from text
2025-11-06 16:21:50,425 - src.database_handler - INFO - Inserted test results for test_id: 45
2025-11-06 16:21:50,425 - __main__ - INFO - Processed: blood_11042023.PDF (78 total results extracted; pages parsed: 8)
2025-11-06 16:21:50,464 - __main__ - INFO - Processing: blood_18092023.PDF (pages: 6)
2025-11-06 16:21:51,572 - __main__ - INFO - Table extraction found 2 table(s) across 6 page(s) for blood_18092023.PDF
2025-11-06 16:21:51,588 - __main__ - INFO - Extracted 17 results from tables
2025-11-06 16:21:51,613 - __main__ - INFO - Extracted 50 additional results from text
2025-11-06 16:21:51,622 - src.database_handler - INFO - Inserted test results for test_id: 46
2025-11-06 16:21:51,622 - __main__ - INFO - Processed: blood_18092023.PDF (67 total results extracted; pages parsed: 6)
2025-11-06 16:21:51,661 - __main__ - INFO - Processing: blood_18092024.PDF (pages: 7)
2025-11-06 16:21:52,690 - __main__ - INFO - Table extraction found 1 table(s) across 7 page(s) for blood_18092024.PDF
2025-11-06 16:21:52,715 - __main__ - INFO - Extracted 17 results from tables
2025-11-06 16:21:52,740 - __main__ - INFO - Extracted 54 additional results from text
2025-11-06 16:21:52,749 - src.database_handler - INFO - Inserted test results for test_id: 47
2025-11-06 16:21:52,755 - __main__ - INFO - Processed: blood_18092024.PDF (71 total results extracted; pages parsed: 7)
2025-11-06 16:21:52,787 - __main__ - INFO - Processing: blood_23122024.PDF (pages: 5)
2025-11-06 16:21:53,852 - __main__ - INFO - Table extraction found 2 table(s) across 5 page(s) for blood_23122024.PDF
2025-11-06 16:21:53,892 - __main__ - INFO - Extracted 17 results from tables
2025-11-06 16:21:53,932 - __main__ - INFO - Extracted 44 additional results from text
2025-11-06 16:21:53,942 - src.database_handler - INFO - Inserted test results for test_id: 48
2025-11-06 16:21:53,942 - __main__ - INFO - Processed: blood_23122024.PDF (61 total results extracted; pages parsed: 5)
2025-11-06 16:21:53,980 - __main__ - INFO - Processing: blood_24072023.PDF (pages: 4)
2025-11-06 16:21:55,023 - __main__ - INFO - Table extraction found 2 table(s) across 4 page(s) for blood_24072023.PDF
2025-11-06 16:21:55,071 - __main__ - INFO - Extracted 17 results from tables
2025-11-06 16:21:55,135 - __main__ - INFO - Extracted 42 additional results from text
2025-11-06 16:21:55,151 - src.database_handler - INFO - Inserted test results for test_id: 49
2025-11-06 16:21:55,151 - __main__ - INFO - Processed: blood_24072023.PDF (59 total results extracted; pages parsed: 4)
2025-11-06 16:21:55,256 - __main__ - INFO - Processing: blood_25062024.PDF (pages: 5)
2025-11-06 16:21:57,464 - __main__ - INFO - Table extraction found 2 table(s) across 5 page(s) for blood_25062024.PDF
2025-11-06 16:21:57,507 - __main__ - INFO - Extracted 17 results from tables
2025-11-06 16:21:57,553 - __main__ - INFO - Extracted 44 additional results from text
2025-11-06 16:21:57,569 - src.database_handler - INFO - Inserted test results for test_id: 50
2025-11-06 16:21:57,569 - __main__ - INFO - Processed: blood_25062024.PDF (61 total results extracted; pages parsed: 5)
2025-11-06 16:21:57,625 - __main__ - INFO - Processing: blood_28042025.PDF (pages: 6)
2025-11-06 16:21:59,720 - __main__ - INFO - Table extraction found 2 table(s) across 6 page(s) for blood_28042025.PDF
2025-11-06 16:21:59,760 - __main__ - INFO - Extracted 17 results from tables
2025-11-06 16:21:59,816 - __main__ - INFO - Extracted 55 additional results from text
2025-11-06 16:21:59,832 - src.database_handler - INFO - Inserted test results for test_id: 51
2025-11-06 16:21:59,832 - __main__ - INFO - Processed: blood_28042025.PDF (72 total results extracted; pages parsed: 6)
2025-11-06 16:21:59,895 - __main__ - INFO - Processing: blood_30012023.PDF (pages: 4)
2025-11-06 16:22:01,902 - __main__ - INFO - Table extraction found 2 table(s) across 4 page(s) for blood_30012023.PDF
2025-11-06 16:22:01,950 - __main__ - INFO - Extracted 17 results from tables
2025-11-06 16:22:02,006 - __main__ - INFO - Extracted 44 additional results from text
2025-11-06 16:22:02,022 - src.database_handler - INFO - Inserted test results for test_id: 52
2025-11-06 16:22:02,022 - __main__ - INFO - Processed: blood_30012023.PDF (61 total results extracted; pages parsed: 4)
2025-11-06 16:22:02,038 - __main__ - INFO - Processing: results_2018-2019.pdf (pages: 9)
2025-11-06 16:22:02,134 - __main__ - INFO - No structured data extracted; attempting legacy text parser
2025-11-06 16:22:02,134 - __main__ - WARNING - No data extracted from: results_2018-2019.pdf (pages: 9)
2025-11-06 16:22:02,142 - __main__ - INFO - Processing: results_2021.pdf (pages: 7)
2025-11-06 16:22:02,214 - __main__ - INFO - No structured data extracted; attempting legacy text parser
2025-11-06 16:22:02,214 - __main__ - WARNING - No data extracted from: results_2021.pdf (pages: 7)
2025-11-06 16:22:02,238 - __main__ - INFO - Processing: results_2022-2023.pdf (pages: 16)
2025-11-06 16:22:02,383 - __main__ - INFO - No structured data extracted; attempting legacy text parser
2025-11-06 16:22:02,383 - __main__ - WARNING - No data extracted from: results_2022-2023.pdf (pages: 16)
2025-11-06 16:22:02,391 - __main__ - INFO - Processing: results_24062019-.pdf (pages: 6)
2025-11-06 16:22:02,463 - __main__ - INFO - No structured data extracted; attempting legacy text parser
2025-11-06 16:22:02,463 - __main__ - WARNING - No data extracted from: results_24062019-.pdf (pages: 6)
2025-11-06 16:22:02,463 - __main__ - INFO - 
Processing complete!
2025-11-06 16:22:02,463 - __main__ - INFO - Total tests processed: 26
2025-11-06 16:22:02,463 - __main__ - INFO - Total results stored: 1752
2025-11-06 16:22:02,463 - src.database_handler - INFO - Database connection closed
2025-11-06 16:22:02,471 - __main__ - INFO - === MS Blood Test Tracker Finished ===
2025-11-06 16:22:33,787 - __main__ - INFO - === MS Blood Test Tracker Started ===
2025-11-06 16:22:33,796 - src.database_handler - INFO - Connected to database: C:\smakryko\ms-blood-test-tracker\data\ms_blood_tests.db
2025-11-06 16:22:33,800 - src.database_handler - INFO - Database initialized successfully
2025-11-06 16:22:33,813 - src.pdf_reader - INFO - Using PDF library: pdfplumber
2025-11-06 16:22:33,820 - __main__ - INFO - Found 26 PDF file(s) to process
2025-11-06 16:22:33,905 - __main__ - INFO - Processing: bloodResults_23092025.pdf (pages: 7)
2025-11-06 16:22:35,648 - __main__ - INFO - Table extraction found 1 table(s) across 7 page(s) for bloodResults_23092025.pdf
2025-11-06 16:22:35,689 - __main__ - INFO - Extracted 17 results from tables
2025-11-06 16:22:35,750 - __main__ - INFO - Extracted 56 additional results from text
2025-11-06 16:22:35,763 - src.database_handler - INFO - Inserted test results for test_id: 53
2025-11-06 16:22:35,764 - __main__ - INFO - Processed: bloodResults_23092025.pdf (73 total results extracted; pages parsed: 7)
2025-11-06 16:22:35,846 - __main__ - INFO - Processing: blood_01042024.PDF (pages: 9)
2025-11-06 16:22:38,096 - __main__ - INFO - Table extraction found 1 table(s) across 9 page(s) for blood_01042024.PDF
2025-11-06 16:22:38,133 - __main__ - INFO - Extracted 17 results from tables
2025-11-06 16:22:38,193 - __main__ - INFO - Extracted 69 additional results from text
2025-11-06 16:22:38,205 - src.database_handler - INFO - Inserted test results for test_id: 54
2025-11-06 16:22:38,205 - __main__ - INFO - Processed: blood_01042024.PDF (86 total results extracted; pages parsed: 9)
2025-11-06 16:22:38,263 - __main__ - INFO - Processing: blood_04122023.PDF (pages: 6)
2025-11-06 16:22:40,240 - __main__ - INFO - Table extraction found 2 table(s) across 6 page(s) for blood_04122023.PDF
2025-11-06 16:22:40,275 - __main__ - INFO - Extracted 17 results from tables
2025-11-06 16:22:40,331 - __main__ - INFO - Extracted 46 additional results from text
2025-11-06 16:22:40,343 - src.database_handler - INFO - Inserted test results for test_id: 55
2025-11-06 16:22:40,344 - __main__ - INFO - Processed: blood_04122023.PDF (63 total results extracted; pages parsed: 6)
2025-11-06 16:22:40,420 - __main__ - INFO - Processing: blood_05102023.PDF (pages: 5)
2025-11-06 16:22:42,091 - __main__ - INFO - Table extraction found 1 table(s) across 5 page(s) for blood_05102023.PDF
2025-11-06 16:22:42,118 - __main__ - INFO - Extracted 17 results from tables
2025-11-06 16:22:42,154 - __main__ - INFO - Extracted 44 additional results from text
2025-11-06 16:22:42,167 - src.database_handler - INFO - Inserted test results for test_id: 56
2025-11-06 16:22:42,167 - __main__ - INFO - Processed: blood_05102023.PDF (61 total results extracted; pages parsed: 5)
2025-11-06 16:22:42,220 - __main__ - INFO - Processing: blood_10072025.PDF (pages: 5)
2025-11-06 16:22:44,240 - __main__ - INFO - Table extraction found 2 table(s) across 5 page(s) for blood_10072025.PDF
2025-11-06 16:22:44,283 - __main__ - INFO - Extracted 17 results from tables
2025-11-06 16:22:44,337 - __main__ - INFO - Extracted 46 additional results from text
2025-11-06 16:22:44,351 - src.database_handler - INFO - Inserted test results for test_id: 57
2025-11-06 16:22:44,352 - __main__ - INFO - Processed: blood_10072025.PDF (63 total results extracted; pages parsed: 5)
2025-11-06 16:22:44,441 - __main__ - INFO - Processing: blood_11042023.PDF (pages: 8)
2025-11-06 16:22:46,891 - __main__ - INFO - Table extraction found 2 table(s) across 8 page(s) for blood_11042023.PDF
2025-11-06 16:22:46,942 - __main__ - INFO - Extracted 17 results from tables
2025-11-06 16:22:47,020 - __main__ - INFO - Extracted 61 additional results from text
2025-11-06 16:22:47,035 - src.database_handler - INFO - Inserted test results for test_id: 58
2025-11-06 16:22:47,035 - __main__ - INFO - Processed: blood_11042023.PDF (78 total results extracted; pages parsed: 8)
2025-11-06 16:22:47,126 - __main__ - INFO - Processing: blood_18092023.PDF (pages: 6)
2025-11-06 16:22:49,535 - __main__ - INFO - Table extraction found 2 table(s) across 6 page(s) for blood_18092023.PDF
2025-11-06 16:22:49,572 - __main__ - INFO - Extracted 17 results from tables
2025-11-06 16:22:49,625 - __main__ - INFO - Extracted 50 additional results from text
2025-11-06 16:22:49,638 - src.database_handler - INFO - Inserted test results for test_id: 59
2025-11-06 16:22:49,639 - __main__ - INFO - Processed: blood_18092023.PDF (67 total results extracted; pages parsed: 6)
2025-11-06 16:22:49,707 - __main__ - INFO - Processing: blood_18092024.PDF (pages: 7)
2025-11-06 16:22:51,543 - __main__ - INFO - Table extraction found 1 table(s) across 7 page(s) for blood_18092024.PDF
2025-11-06 16:22:51,577 - __main__ - INFO - Extracted 17 results from tables
2025-11-06 16:22:51,628 - __main__ - INFO - Extracted 54 additional results from text
2025-11-06 16:22:51,640 - src.database_handler - INFO - Inserted test results for test_id: 60
2025-11-06 16:22:51,641 - __main__ - INFO - Processed: blood_18092024.PDF (71 total results extracted; pages parsed: 7)
2025-11-06 16:22:51,709 - __main__ - INFO - Processing: blood_23122024.PDF (pages: 5)
2025-11-06 16:22:53,590 - __main__ - INFO - Table extraction found 2 table(s) across 5 page(s) for blood_23122024.PDF
2025-11-06 16:22:53,627 - __main__ - INFO - Extracted 17 results from tables
2025-11-06 16:22:53,677 - __main__ - INFO - Extracted 44 additional results from text
2025-11-06 16:22:53,690 - src.database_handler - INFO - Inserted test results for test_id: 61
2025-11-06 16:22:53,691 - __main__ - INFO - Processed: blood_23122024.PDF (61 total results extracted; pages parsed: 5)
2025-11-06 16:22:53,752 - __main__ - INFO - Processing: blood_24072023.PDF (pages: 4)
2025-11-06 16:22:55,405 - __main__ - INFO - Table extraction found 2 table(s) across 4 page(s) for blood_24072023.PDF
2025-11-06 16:22:55,432 - __main__ - INFO - Extracted 17 results from tables
2025-11-06 16:22:55,460 - __main__ - INFO - Extracted 42 additional results from text
2025-11-06 16:22:55,469 - src.database_handler - INFO - Inserted test results for test_id: 62
2025-11-06 16:22:55,470 - __main__ - INFO - Processed: blood_24072023.PDF (59 total results extracted; pages parsed: 4)
2025-11-06 16:22:55,508 - __main__ - INFO - Processing: blood_25062024.PDF (pages: 5)
2025-11-06 16:22:56,520 - __main__ - INFO - Table extraction found 2 table(s) across 5 page(s) for blood_25062024.PDF
2025-11-06 16:22:56,540 - __main__ - INFO - Extracted 17 results from tables
2025-11-06 16:22:56,565 - __main__ - INFO - Extracted 44 additional results from text
2025-11-06 16:22:56,582 - src.database_handler - INFO - Inserted test results for test_id: 63
2025-11-06 16:22:56,582 - __main__ - INFO - Processed: blood_25062024.PDF (61 total results extracted; pages parsed: 5)
2025-11-06 16:22:56,618 - __main__ - INFO - Processing: blood_28042025.PDF (pages: 6)
2025-11-06 16:22:57,869 - __main__ - INFO - Table extraction found 2 table(s) across 6 page(s) for blood_28042025.PDF
2025-11-06 16:22:57,895 - __main__ - INFO - Extracted 17 results from tables
2025-11-06 16:22:57,929 - __main__ - INFO - Extracted 55 additional results from text
2025-11-06 16:22:57,939 - src.database_handler - INFO - Inserted test results for test_id: 64
2025-11-06 16:22:57,939 - __main__ - INFO - Processed: blood_28042025.PDF (72 total results extracted; pages parsed: 6)
2025-11-06 16:22:57,975 - __main__ - INFO - Processing: blood_30012023.PDF (pages: 4)
2025-11-06 16:22:59,037 - __main__ - INFO - Table extraction found 2 table(s) across 4 page(s) for blood_30012023.PDF
2025-11-06 16:22:59,057 - __main__ - INFO - Extracted 17 results from tables
2025-11-06 16:22:59,081 - __main__ - INFO - Extracted 44 additional results from text
2025-11-06 16:22:59,089 - src.database_handler - INFO - Inserted test results for test_id: 65
2025-11-06 16:22:59,089 - __main__ - INFO - Processed: blood_30012023.PDF (61 total results extracted; pages parsed: 4)
2025-11-06 16:22:59,127 - __main__ - INFO - Processing: bloodResults_23092025.pdf (pages: 7)
2025-11-06 16:23:00,205 - __main__ - INFO - Table extraction found 1 table(s) across 7 page(s) for bloodResults_23092025.pdf
2025-11-06 16:23:00,223 - __main__ - INFO - Extracted 17 results from tables
2025-11-06 16:23:00,252 - __main__ - INFO - Extracted 56 additional results from text
2025-11-06 16:23:00,261 - src.database_handler - INFO - Inserted test results for test_id: 66
2025-11-06 16:23:00,261 - __main__ - INFO - Processed: bloodResults_23092025.pdf (73 total results extracted; pages parsed: 7)
2025-11-06 16:23:00,319 - __main__ - INFO - Processing: blood_01042024.PDF (pages: 9)
2025-11-06 16:23:01,780 - __main__ - INFO - Table extraction found 1 table(s) across 9 page(s) for blood_01042024.PDF
2025-11-06 16:23:01,802 - __main__ - INFO - Extracted 17 results from tables
2025-11-06 16:23:01,842 - __main__ - INFO - Extracted 69 additional results from text
2025-11-06 16:23:01,852 - src.database_handler - INFO - Inserted test results for test_id: 67
2025-11-06 16:23:01,852 - __main__ - INFO - Processed: blood_01042024.PDF (86 total results extracted; pages parsed: 9)
2025-11-06 16:23:01,900 - __main__ - INFO - Processing: blood_04122023.PDF (pages: 6)
2025-11-06 16:23:03,239 - __main__ - INFO - Table extraction found 2 table(s) across 6 page(s) for blood_04122023.PDF
2025-11-06 16:23:03,260 - __main__ - INFO - Extracted 17 results from tables
2025-11-06 16:23:03,291 - __main__ - INFO - Extracted 46 additional results from text
2025-11-06 16:23:03,301 - src.database_handler - INFO - Inserted test results for test_id: 68
2025-11-06 16:23:03,301 - __main__ - INFO - Processed: blood_04122023.PDF (63 total results extracted; pages parsed: 6)
2025-11-06 16:23:03,344 - __main__ - INFO - Processing: blood_05102023.PDF (pages: 5)
2025-11-06 16:23:04,350 - __main__ - INFO - Table extraction found 1 table(s) across 5 page(s) for blood_05102023.PDF
2025-11-06 16:23:04,367 - __main__ - INFO - Extracted 17 results from tables
2025-11-06 16:23:04,388 - __main__ - INFO - Extracted 44 additional results from text
2025-11-06 16:23:04,396 - src.database_handler - INFO - Inserted test results for test_id: 69
2025-11-06 16:23:04,397 - __main__ - INFO - Processed: blood_05102023.PDF (61 total results extracted; pages parsed: 5)
2025-11-06 16:23:04,430 - __main__ - INFO - Processing: blood_10072025.PDF (pages: 5)
2025-11-06 16:23:05,518 - __main__ - INFO - Table extraction found 2 table(s) across 5 page(s) for blood_10072025.PDF
2025-11-06 16:23:05,537 - __main__ - INFO - Extracted 17 results from tables
2025-11-06 16:23:05,564 - __main__ - INFO - Extracted 46 additional results from text
2025-11-06 16:23:05,572 - src.database_handler - INFO - Inserted test results for test_id: 70
2025-11-06 16:23:05,572 - __main__ - INFO - Processed: blood_10072025.PDF (63 total results extracted; pages parsed: 5)
2025-11-06 16:23:05,608 - __main__ - INFO - Processing: blood_11042023.PDF (pages: 8)
2025-11-06 16:23:07,479 - __main__ - INFO - Table extraction found 2 table(s) across 8 page(s) for blood_11042023.PDF
2025-11-06 16:23:07,521 - __main__ - INFO - Extracted 17 results from tables
2025-11-06 16:23:07,602 - __main__ - INFO - Extracted 61 additional results from text
2025-11-06 16:23:07,616 - src.database_handler - INFO - Inserted test results for test_id: 71
2025-11-06 16:23:07,617 - __main__ - INFO - Processed: blood_11042023.PDF (78 total results extracted; pages parsed: 8)
2025-11-06 16:23:07,702 - __main__ - INFO - Processing: blood_18092023.PDF (pages: 6)
2025-11-06 16:23:10,056 - __main__ - INFO - Table extraction found 2 table(s) across 6 page(s) for blood_18092023.PDF
2025-11-06 16:23:10,106 - __main__ - INFO - Extracted 17 results from tables
2025-11-06 16:23:10,184 - __main__ - INFO - Extracted 50 additional results from text
2025-11-06 16:23:10,200 - src.database_handler - INFO - Inserted test results for test_id: 72
2025-11-06 16:23:10,200 - __main__ - INFO - Processed: blood_18092023.PDF (67 total results extracted; pages parsed: 6)
2025-11-06 16:23:10,292 - __main__ - INFO - Processing: blood_18092024.PDF (pages: 7)
2025-11-06 16:23:12,424 - __main__ - INFO - Table extraction found 1 table(s) across 7 page(s) for blood_18092024.PDF
2025-11-06 16:23:12,445 - __main__ - INFO - Extracted 17 results from tables
2025-11-06 16:23:12,478 - __main__ - INFO - Extracted 54 additional results from text
2025-11-06 16:23:12,488 - src.database_handler - INFO - Inserted test results for test_id: 73
2025-11-06 16:23:12,489 - __main__ - INFO - Processed: blood_18092024.PDF (71 total results extracted; pages parsed: 7)
2025-11-06 16:23:12,541 - __main__ - INFO - Processing: blood_23122024.PDF (pages: 5)
2025-11-06 16:23:13,875 - __main__ - INFO - Table extraction found 2 table(s) across 5 page(s) for blood_23122024.PDF
2025-11-06 16:23:13,897 - __main__ - INFO - Extracted 17 results from tables
2025-11-06 16:23:13,932 - __main__ - INFO - Extracted 44 additional results from text
2025-11-06 16:23:13,942 - src.database_handler - INFO - Inserted test results for test_id: 74
2025-11-06 16:23:13,942 - __main__ - INFO - Processed: blood_23122024.PDF (61 total results extracted; pages parsed: 5)
2025-11-06 16:23:13,979 - __main__ - INFO - Processing: blood_24072023.PDF (pages: 4)
2025-11-06 16:23:15,146 - __main__ - INFO - Table extraction found 2 table(s) across 4 page(s) for blood_24072023.PDF
2025-11-06 16:23:15,167 - __main__ - INFO - Extracted 17 results from tables
2025-11-06 16:23:15,193 - __main__ - INFO - Extracted 42 additional results from text
2025-11-06 16:23:15,201 - src.database_handler - INFO - Inserted test results for test_id: 75
2025-11-06 16:23:15,202 - __main__ - INFO - Processed: blood_24072023.PDF (59 total results extracted; pages parsed: 4)
2025-11-06 16:23:15,241 - __main__ - INFO - Processing: blood_25062024.PDF (pages: 5)
2025-11-06 16:23:16,264 - __main__ - INFO - Table extraction found 2 table(s) across 5 page(s) for blood_25062024.PDF
2025-11-06 16:23:16,289 - __main__ - INFO - Extracted 17 results from tables
2025-11-06 16:23:16,320 - __main__ - INFO - Extracted 44 additional results from text
2025-11-06 16:23:16,330 - src.database_handler - INFO - Inserted test results for test_id: 76
2025-11-06 16:23:16,330 - __main__ - INFO - Processed: blood_25062024.PDF (61 total results extracted; pages parsed: 5)
2025-11-06 16:23:16,369 - __main__ - INFO - Processing: blood_28042025.PDF (pages: 6)
2025-11-06 16:23:17,673 - __main__ - INFO - Table extraction found 2 table(s) across 6 page(s) for blood_28042025.PDF
2025-11-06 16:23:17,695 - __main__ - INFO - Extracted 17 results from tables
2025-11-06 16:23:17,733 - __main__ - INFO - Extracted 55 additional results from text
2025-11-06 16:23:17,750 - src.database_handler - INFO - Inserted test results for test_id: 77
2025-11-06 16:23:17,750 - __main__ - INFO - Processed: blood_28042025.PDF (72 total results extracted; pages parsed: 6)
2025-11-06 16:23:17,783 - __main__ - INFO - Processing: blood_30012023.PDF (pages: 4)
2025-11-06 16:23:18,784 - __main__ - INFO - Table extraction found 2 table(s) across 4 page(s) for blood_30012023.PDF
2025-11-06 16:23:18,806 - __main__ - INFO - Extracted 17 results from tables
2025-11-06 16:23:18,831 - __main__ - INFO - Extracted 44 additional results from text
2025-11-06 16:23:18,842 - src.database_handler - INFO - Inserted test results for test_id: 78
2025-11-06 16:23:18,843 - __main__ - INFO - Processed: blood_30012023.PDF (61 total results extracted; pages parsed: 4)
2025-11-06 16:23:18,843 - __main__ - INFO - 
Processing complete!
2025-11-06 16:23:18,843 - __main__ - INFO - Total tests processed: 26
2025-11-06 16:23:18,843 - __main__ - INFO - Total results stored: 1752
2025-11-06 16:23:18,843 - src.database_handler - INFO - Database connection closed
2025-11-06 16:23:18,844 - __main__ - INFO - === MS Blood Test Tracker Finished ===
2025-11-06 17:28:47,339 - __main__ - INFO - === MS Blood Test Tracker Started ===
2025-11-06 17:28:47,370 - src.database_handler - INFO - Connected to database: C:\smakryko\ms-blood-test-tracker\data\ms_blood_tests.db
2025-11-06 17:28:47,371 - src.database_handler - INFO - Migrating schema: adding category_code column to test_results
2025-11-06 17:28:47,372 - src.database_handler - ERROR - Schema migration failed: no such table: test_results
2025-11-06 17:28:47,418 - src.database_handler - INFO - Database initialized successfully
2025-11-06 17:28:47,428 - src.pdf_reader - INFO - Using PDF library: pdfplumber
2025-11-06 17:28:47,432 - __main__ - INFO - Found 26 PDF file(s) to process
2025-11-06 17:28:47,504 - __main__ - INFO - Processing: bloodResults_23092025.pdf (pages: 7)
2025-11-06 17:28:48,738 - __main__ - INFO - Table extraction found 1 table(s) across 7 page(s) for bloodResults_23092025.pdf
2025-11-06 17:28:48,762 - __main__ - INFO - Extracted 17 results from tables
2025-11-06 17:28:48,801 - __main__ - INFO - Extracted 56 additional results from text
2025-11-06 17:28:48,818 - src.database_handler - INFO - Inserted test results for test_id: 1
2025-11-06 17:28:48,819 - __main__ - INFO - Processed: bloodResults_23092025.pdf (73 total results extracted; pages parsed: 7)
2025-11-06 17:28:48,893 - __main__ - INFO - Processing: blood_01042024.PDF (pages: 9)
2025-11-06 17:28:50,271 - __main__ - INFO - Table extraction found 1 table(s) across 9 page(s) for blood_01042024.PDF
2025-11-06 17:28:50,290 - __main__ - INFO - Extracted 17 results from tables
2025-11-06 17:28:50,322 - __main__ - INFO - Extracted 69 additional results from text
2025-11-06 17:28:50,329 - src.database_handler - INFO - Inserted test results for test_id: 2
2025-11-06 17:28:50,330 - __main__ - INFO - Processed: blood_01042024.PDF (86 total results extracted; pages parsed: 9)
2025-11-06 17:28:50,390 - __main__ - INFO - Processing: blood_04122023.PDF (pages: 6)
2025-11-06 17:28:51,259 - __main__ - INFO - Table extraction found 2 table(s) across 6 page(s) for blood_04122023.PDF
2025-11-06 17:28:51,278 - __main__ - INFO - Extracted 17 results from tables
2025-11-06 17:28:51,305 - __main__ - INFO - Extracted 46 additional results from text
2025-11-06 17:28:51,312 - src.database_handler - INFO - Inserted test results for test_id: 3
2025-11-06 17:28:51,313 - __main__ - INFO - Processed: blood_04122023.PDF (63 total results extracted; pages parsed: 6)
2025-11-06 17:28:51,379 - __main__ - INFO - Processing: blood_05102023.PDF (pages: 5)
2025-11-06 17:28:52,268 - __main__ - INFO - Table extraction found 1 table(s) across 5 page(s) for blood_05102023.PDF
2025-11-06 17:28:52,285 - __main__ - INFO - Extracted 17 results from tables
2025-11-06 17:28:52,305 - __main__ - INFO - Extracted 44 additional results from text
2025-11-06 17:28:52,313 - src.database_handler - INFO - Inserted test results for test_id: 4
2025-11-06 17:28:52,313 - __main__ - INFO - Processed: blood_05102023.PDF (61 total results extracted; pages parsed: 5)
2025-11-06 17:28:52,376 - __main__ - INFO - Processing: blood_10072025.PDF (pages: 5)
2025-11-06 17:28:53,207 - __main__ - INFO - Table extraction found 2 table(s) across 5 page(s) for blood_10072025.PDF
2025-11-06 17:28:53,229 - __main__ - INFO - Extracted 17 results from tables
2025-11-06 17:28:53,258 - __main__ - INFO - Extracted 46 additional results from text
2025-11-06 17:28:53,268 - src.database_handler - INFO - Inserted test results for test_id: 5
2025-11-06 17:28:53,269 - __main__ - INFO - Processed: blood_10072025.PDF (63 total results extracted; pages parsed: 5)
2025-11-06 17:28:53,341 - __main__ - INFO - Processing: blood_11042023.PDF (pages: 8)
2025-11-06 17:28:54,690 - __main__ - INFO - Table extraction found 2 table(s) across 8 page(s) for blood_11042023.PDF
2025-11-06 17:28:54,706 - __main__ - INFO - Extracted 17 results from tables
2025-11-06 17:28:54,741 - __main__ - INFO - Extracted 61 additional results from text
2025-11-06 17:28:54,749 - src.database_handler - INFO - Inserted test results for test_id: 6
2025-11-06 17:28:54,750 - __main__ - INFO - Processed: blood_11042023.PDF (78 total results extracted; pages parsed: 8)
2025-11-06 17:28:54,810 - __main__ - INFO - Processing: blood_18092023.PDF (pages: 6)
2025-11-06 17:28:55,789 - __main__ - INFO - Table extraction found 2 table(s) across 6 page(s) for blood_18092023.PDF
2025-11-06 17:28:55,807 - __main__ - INFO - Extracted 17 results from tables
2025-11-06 17:28:55,837 - __main__ - INFO - Extracted 50 additional results from text
2025-11-06 17:28:55,843 - src.database_handler - INFO - Inserted test results for test_id: 7
2025-11-06 17:28:55,844 - __main__ - INFO - Processed: blood_18092023.PDF (67 total results extracted; pages parsed: 6)
2025-11-06 17:28:55,904 - __main__ - INFO - Processing: blood_18092024.PDF (pages: 7)
2025-11-06 17:28:57,404 - __main__ - INFO - Table extraction found 1 table(s) across 7 page(s) for blood_18092024.PDF
2025-11-06 17:28:57,426 - __main__ - INFO - Extracted 17 results from tables
2025-11-06 17:28:57,460 - __main__ - INFO - Extracted 54 additional results from text
2025-11-06 17:28:57,468 - src.database_handler - INFO - Inserted test results for test_id: 8
2025-11-06 17:28:57,469 - __main__ - INFO - Processed: blood_18092024.PDF (71 total results extracted; pages parsed: 7)
2025-11-06 17:28:57,544 - __main__ - INFO - Processing: blood_23122024.PDF (pages: 5)
2025-11-06 17:28:58,471 - __main__ - INFO - Table extraction found 2 table(s) across 5 page(s) for blood_23122024.PDF
2025-11-06 17:28:58,491 - __main__ - INFO - Extracted 17 results from tables
2025-11-06 17:28:58,514 - __main__ - INFO - Extracted 44 additional results from text
2025-11-06 17:28:58,525 - src.database_handler - INFO - Inserted test results for test_id: 9
2025-11-06 17:28:58,525 - __main__ - INFO - Processed: blood_23122024.PDF (61 total results extracted; pages parsed: 5)
2025-11-06 17:28:58,587 - __main__ - INFO - Processing: blood_24072023.PDF (pages: 4)
2025-11-06 17:28:59,546 - __main__ - INFO - Table extraction found 2 table(s) across 4 page(s) for blood_24072023.PDF
2025-11-06 17:28:59,572 - __main__ - INFO - Extracted 17 results from tables
2025-11-06 17:28:59,596 - __main__ - INFO - Extracted 42 additional results from text
2025-11-06 17:28:59,604 - src.database_handler - INFO - Inserted test results for test_id: 10
2025-11-06 17:28:59,605 - __main__ - INFO - Processed: blood_24072023.PDF (59 total results extracted; pages parsed: 4)
2025-11-06 17:28:59,661 - __main__ - INFO - Processing: blood_25062024.PDF (pages: 5)
2025-11-06 17:29:00,645 - __main__ - INFO - Table extraction found 2 table(s) across 5 page(s) for blood_25062024.PDF
2025-11-06 17:29:00,663 - __main__ - INFO - Extracted 17 results from tables
2025-11-06 17:29:00,762 - __main__ - INFO - Extracted 44 additional results from text
2025-11-06 17:29:00,782 - src.database_handler - INFO - Inserted test results for test_id: 11
2025-11-06 17:29:00,782 - __main__ - INFO - Processed: blood_25062024.PDF (61 total results extracted; pages parsed: 5)
2025-11-06 17:29:00,850 - __main__ - INFO - Processing: blood_28042025.PDF (pages: 6)
2025-11-06 17:29:01,830 - __main__ - INFO - Table extraction found 2 table(s) across 6 page(s) for blood_28042025.PDF
2025-11-06 17:29:01,849 - __main__ - INFO - Extracted 17 results from tables
2025-11-06 17:29:01,880 - __main__ - INFO - Extracted 55 additional results from text
2025-11-06 17:29:01,890 - src.database_handler - INFO - Inserted test results for test_id: 12
2025-11-06 17:29:01,890 - __main__ - INFO - Processed: blood_28042025.PDF (72 total results extracted; pages parsed: 6)
2025-11-06 17:29:01,952 - __main__ - INFO - Processing: blood_30012023.PDF (pages: 4)
2025-11-06 17:29:02,863 - __main__ - INFO - Table extraction found 2 table(s) across 4 page(s) for blood_30012023.PDF
2025-11-06 17:29:02,885 - __main__ - INFO - Extracted 17 results from tables
2025-11-06 17:29:02,908 - __main__ - INFO - Extracted 44 additional results from text
2025-11-06 17:29:02,918 - src.database_handler - INFO - Inserted test results for test_id: 13
2025-11-06 17:29:02,920 - __main__ - INFO - Processed: blood_30012023.PDF (61 total results extracted; pages parsed: 4)
2025-11-06 17:29:02,963 - __main__ - INFO - Processing: bloodResults_23092025.pdf (pages: 7)
2025-11-06 17:29:03,865 - __main__ - INFO - Table extraction found 1 table(s) across 7 page(s) for bloodResults_23092025.pdf
2025-11-06 17:29:03,881 - __main__ - INFO - Extracted 17 results from tables
2025-11-06 17:29:03,907 - __main__ - INFO - Extracted 56 additional results from text
2025-11-06 17:29:03,915 - src.database_handler - INFO - Inserted test results for test_id: 14
2025-11-06 17:29:03,915 - __main__ - INFO - Processed: bloodResults_23092025.pdf (73 total results extracted; pages parsed: 7)
2025-11-06 17:29:03,959 - __main__ - INFO - Processing: blood_01042024.PDF (pages: 9)
2025-11-06 17:29:05,283 - __main__ - INFO - Table extraction found 1 table(s) across 9 page(s) for blood_01042024.PDF
2025-11-06 17:29:05,298 - __main__ - INFO - Extracted 17 results from tables
2025-11-06 17:29:05,330 - __main__ - INFO - Extracted 69 additional results from text
2025-11-06 17:29:05,340 - src.database_handler - INFO - Inserted test results for test_id: 15
2025-11-06 17:29:05,340 - __main__ - INFO - Processed: blood_01042024.PDF (86 total results extracted; pages parsed: 9)
2025-11-06 17:29:05,376 - __main__ - INFO - Processing: blood_04122023.PDF (pages: 6)
2025-11-06 17:29:06,276 - __main__ - INFO - Table extraction found 2 table(s) across 6 page(s) for blood_04122023.PDF
2025-11-06 17:29:06,297 - __main__ - INFO - Extracted 17 results from tables
2025-11-06 17:29:06,328 - __main__ - INFO - Extracted 46 additional results from text
2025-11-06 17:29:06,335 - src.database_handler - INFO - Inserted test results for test_id: 16
2025-11-06 17:29:06,337 - __main__ - INFO - Processed: blood_04122023.PDF (63 total results extracted; pages parsed: 6)
2025-11-06 17:29:06,376 - __main__ - INFO - Processing: blood_05102023.PDF (pages: 5)
2025-11-06 17:29:07,278 - __main__ - INFO - Table extraction found 1 table(s) across 5 page(s) for blood_05102023.PDF
2025-11-06 17:29:07,294 - __main__ - INFO - Extracted 17 results from tables
2025-11-06 17:29:07,314 - __main__ - INFO - Extracted 44 additional results from text
2025-11-06 17:29:07,325 - src.database_handler - INFO - Inserted test results for test_id: 17
2025-11-06 17:29:07,325 - __main__ - INFO - Processed: blood_05102023.PDF (61 total results extracted; pages parsed: 5)
2025-11-06 17:29:07,362 - __main__ - INFO - Processing: blood_10072025.PDF (pages: 5)
2025-11-06 17:29:08,337 - __main__ - INFO - Table extraction found 2 table(s) across 5 page(s) for blood_10072025.PDF
2025-11-06 17:29:08,354 - __main__ - INFO - Extracted 17 results from tables
2025-11-06 17:29:08,378 - __main__ - INFO - Extracted 46 additional results from text
2025-11-06 17:29:08,389 - src.database_handler - INFO - Inserted test results for test_id: 18
2025-11-06 17:29:08,389 - __main__ - INFO - Processed: blood_10072025.PDF (63 total results extracted; pages parsed: 5)
2025-11-06 17:29:08,426 - __main__ - INFO - Processing: blood_11042023.PDF (pages: 8)
2025-11-06 17:29:09,617 - __main__ - INFO - Table extraction found 2 table(s) across 8 page(s) for blood_11042023.PDF
2025-11-06 17:29:09,634 - __main__ - INFO - Extracted 17 results from tables
2025-11-06 17:29:09,668 - __main__ - INFO - Extracted 61 additional results from text
2025-11-06 17:29:09,679 - src.database_handler - INFO - Inserted test results for test_id: 19
2025-11-06 17:29:09,679 - __main__ - INFO - Processed: blood_11042023.PDF (78 total results extracted; pages parsed: 8)
2025-11-06 17:29:09,718 - __main__ - INFO - Processing: blood_18092023.PDF (pages: 6)
2025-11-06 17:29:10,889 - __main__ - INFO - Table extraction found 2 table(s) across 6 page(s) for blood_18092023.PDF
2025-11-06 17:29:10,910 - __main__ - INFO - Extracted 17 results from tables
2025-11-06 17:29:10,937 - __main__ - INFO - Extracted 50 additional results from text
2025-11-06 17:29:10,943 - src.database_handler - INFO - Inserted test results for test_id: 20
2025-11-06 17:29:10,944 - __main__ - INFO - Processed: blood_18092023.PDF (67 total results extracted; pages parsed: 6)
2025-11-06 17:29:10,980 - __main__ - INFO - Processing: blood_18092024.PDF (pages: 7)
2025-11-06 17:29:11,978 - __main__ - INFO - Table extraction found 1 table(s) across 7 page(s) for blood_18092024.PDF
2025-11-06 17:29:11,993 - __main__ - INFO - Extracted 17 results from tables
2025-11-06 17:29:12,023 - __main__ - INFO - Extracted 54 additional results from text
2025-11-06 17:29:12,031 - src.database_handler - INFO - Inserted test results for test_id: 21
2025-11-06 17:29:12,032 - __main__ - INFO - Processed: blood_18092024.PDF (71 total results extracted; pages parsed: 7)
2025-11-06 17:29:12,069 - __main__ - INFO - Processing: blood_23122024.PDF (pages: 5)
2025-11-06 17:29:12,915 - __main__ - INFO - Table extraction found 2 table(s) across 5 page(s) for blood_23122024.PDF
2025-11-06 17:29:12,941 - __main__ - INFO - Extracted 17 results from tables
2025-11-06 17:29:12,989 - __main__ - INFO - Extracted 44 additional results from text
2025-11-06 17:29:12,997 - src.database_handler - INFO - Inserted test results for test_id: 22
2025-11-06 17:29:12,997 - __main__ - INFO - Processed: blood_23122024.PDF (61 total results extracted; pages parsed: 5)
2025-11-06 17:29:13,038 - __main__ - INFO - Processing: blood_24072023.PDF (pages: 4)
2025-11-06 17:29:13,826 - __main__ - INFO - Table extraction found 2 table(s) across 4 page(s) for blood_24072023.PDF
2025-11-06 17:29:13,847 - __main__ - INFO - Extracted 17 results from tables
2025-11-06 17:29:13,894 - __main__ - INFO - Extracted 42 additional results from text
2025-11-06 17:29:13,906 - src.database_handler - INFO - Inserted test results for test_id: 23
2025-11-06 17:29:13,907 - __main__ - INFO - Processed: blood_24072023.PDF (59 total results extracted; pages parsed: 4)
2025-11-06 17:29:13,945 - __main__ - INFO - Processing: blood_25062024.PDF (pages: 5)
2025-11-06 17:29:15,037 - __main__ - INFO - Table extraction found 2 table(s) across 5 page(s) for blood_25062024.PDF
2025-11-06 17:29:15,057 - __main__ - INFO - Extracted 17 results from tables
2025-11-06 17:29:15,079 - __main__ - INFO - Extracted 44 additional results from text
2025-11-06 17:29:15,089 - src.database_handler - INFO - Inserted test results for test_id: 24
2025-11-06 17:29:15,089 - __main__ - INFO - Processed: blood_25062024.PDF (61 total results extracted; pages parsed: 5)
2025-11-06 17:29:15,124 - __main__ - INFO - Processing: blood_28042025.PDF (pages: 6)
2025-11-06 17:29:16,272 - __main__ - INFO - Table extraction found 2 table(s) across 6 page(s) for blood_28042025.PDF
2025-11-06 17:29:16,292 - __main__ - INFO - Extracted 17 results from tables
2025-11-06 17:29:16,328 - __main__ - INFO - Extracted 55 additional results from text
2025-11-06 17:29:16,338 - src.database_handler - INFO - Inserted test results for test_id: 25
2025-11-06 17:29:16,338 - __main__ - INFO - Processed: blood_28042025.PDF (72 total results extracted; pages parsed: 6)
2025-11-06 17:29:16,380 - __main__ - INFO - Processing: blood_30012023.PDF (pages: 4)
2025-11-06 17:29:17,465 - __main__ - INFO - Table extraction found 2 table(s) across 4 page(s) for blood_30012023.PDF
2025-11-06 17:29:17,491 - __main__ - INFO - Extracted 17 results from tables
2025-11-06 17:29:17,521 - __main__ - INFO - Extracted 44 additional results from text
2025-11-06 17:29:17,538 - src.database_handler - INFO - Inserted test results for test_id: 26
2025-11-06 17:29:17,539 - __main__ - INFO - Processed: blood_30012023.PDF (61 total results extracted; pages parsed: 4)
2025-11-06 17:29:17,539 - __main__ - INFO - 
Processing complete!
2025-11-06 17:29:17,539 - __main__ - INFO - Total tests processed: 26
2025-11-06 17:29:17,540 - __main__ - INFO - Total results stored: 1752
2025-11-06 17:29:17,540 - src.database_handler - INFO - Database connection closed
2025-11-06 17:29:17,540 - __main__ - INFO - === MS Blood Test Tracker Finished ===
2025-11-06 17:29:18,285 - __main__ - INFO - === MS Blood Test Tracker Started ===
2025-11-06 17:29:18,289 - src.database_handler - INFO - Connected to database: C:\smakryko\ms-blood-test-tracker\data\ms_blood_tests.db
2025-11-06 17:29:18,291 - src.database_handler - INFO - Database initialized successfully
2025-11-06 17:29:18,330 - src.database_handler - INFO - Exported 655 deduplicated results to results_complete.csv
2025-11-06 17:29:18,331 - __main__ - INFO - Results exported to: results_complete.csv
2025-11-06 17:29:18,332 - src.database_handler - INFO - Database connection closed
2025-11-06 17:29:18,333 - __main__ - INFO - === MS Blood Test Tracker Finished ===
2025-11-20 17:35:32,855 - __main__ - INFO - === MS Blood Test Tracker Started ===
2025-11-20 17:35:32,881 - src.database_handler - INFO - Connected to database: C:\smakryko\ms-blood-test-tracker\data\ms_blood_tests.db
2025-11-20 17:35:32,902 - src.database_handler - INFO - Database initialized successfully
2025-11-20 17:35:32,909 - src.pdf_reader - INFO - Using PDF library: pdfplumber
2025-11-20 17:35:32,915 - __main__ - INFO - Found 26 PDF file(s) to process
2025-11-20 17:35:32,997 - __main__ - INFO - Processing: bloodResults_23092025.pdf (pages: 7)
2025-11-20 17:35:34,355 - __main__ - INFO - Table extraction found 1 table(s) across 7 page(s) for bloodResults_23092025.pdf
2025-11-20 17:35:34,395 - __main__ - INFO - Extracted 17 results from tables
2025-11-20 17:35:34,435 - __main__ - INFO - Extracted 56 additional results from text
2025-11-20 17:35:34,448 - src.database_handler - INFO - Inserted test results for test_id: 27
2025-11-20 17:35:34,448 - __main__ - INFO - Processed: bloodResults_23092025.pdf (73 total results extracted; pages parsed: 7)
2025-11-20 17:35:34,539 - __main__ - INFO - Processing: blood_01042024.PDF (pages: 9)
2025-11-20 17:35:36,116 - __main__ - INFO - Table extraction found 1 table(s) across 9 page(s) for blood_01042024.PDF
2025-11-20 17:35:36,135 - __main__ - INFO - Extracted 17 results from tables
2025-11-20 17:35:36,181 - __main__ - INFO - Extracted 69 additional results from text
2025-11-20 17:35:36,190 - src.database_handler - INFO - Inserted test results for test_id: 28
2025-11-20 17:35:36,190 - __main__ - INFO - Processed: blood_01042024.PDF (86 total results extracted; pages parsed: 9)
2025-11-20 17:35:36,270 - __main__ - INFO - Processing: blood_04122023.PDF (pages: 6)
2025-11-20 17:35:37,520 - __main__ - INFO - Table extraction found 2 table(s) across 6 page(s) for blood_04122023.PDF
2025-11-20 17:35:37,546 - __main__ - INFO - Extracted 17 results from tables
2025-11-20 17:35:37,582 - __main__ - INFO - Extracted 46 additional results from text
2025-11-20 17:35:37,590 - src.database_handler - INFO - Inserted test results for test_id: 29
2025-11-20 17:35:37,590 - __main__ - INFO - Processed: blood_04122023.PDF (63 total results extracted; pages parsed: 6)
2025-11-20 17:35:37,664 - __main__ - INFO - Processing: blood_05102023.PDF (pages: 5)
2025-11-20 17:35:38,952 - __main__ - INFO - Table extraction found 1 table(s) across 5 page(s) for blood_05102023.PDF
2025-11-20 17:35:38,979 - __main__ - INFO - Extracted 17 results from tables
2025-11-20 17:35:39,008 - __main__ - INFO - Extracted 44 additional results from text
2025-11-20 17:35:39,020 - src.database_handler - INFO - Inserted test results for test_id: 30
2025-11-20 17:35:39,020 - __main__ - INFO - Processed: blood_05102023.PDF (61 total results extracted; pages parsed: 5)
2025-11-20 17:35:39,098 - __main__ - INFO - Processing: blood_10072025.PDF (pages: 5)
2025-11-20 17:35:40,473 - __main__ - INFO - Table extraction found 2 table(s) across 5 page(s) for blood_10072025.PDF
2025-11-20 17:35:40,496 - __main__ - INFO - Extracted 17 results from tables
2025-11-20 17:35:40,527 - __main__ - INFO - Extracted 46 additional results from text
2025-11-20 17:35:40,536 - src.database_handler - INFO - Inserted test results for test_id: 31
2025-11-20 17:35:40,537 - __main__ - INFO - Processed: blood_10072025.PDF (63 total results extracted; pages parsed: 5)
2025-11-20 17:35:40,614 - __main__ - INFO - Processing: blood_11042023.PDF (pages: 8)
2025-11-20 17:35:42,327 - __main__ - INFO - Table extraction found 2 table(s) across 8 page(s) for blood_11042023.PDF
2025-11-20 17:35:42,353 - __main__ - INFO - Extracted 17 results from tables
2025-11-20 17:35:42,402 - __main__ - INFO - Extracted 61 additional results from text
2025-11-20 17:35:42,410 - src.database_handler - INFO - Inserted test results for test_id: 32
2025-11-20 17:35:42,411 - __main__ - INFO - Processed: blood_11042023.PDF (78 total results extracted; pages parsed: 8)
2025-11-20 17:35:42,488 - __main__ - INFO - Processing: blood_18092023.PDF (pages: 6)
2025-11-20 17:35:43,886 - __main__ - INFO - Table extraction found 2 table(s) across 6 page(s) for blood_18092023.PDF
2025-11-20 17:35:43,910 - __main__ - INFO - Extracted 17 results from tables
2025-11-20 17:35:43,947 - __main__ - INFO - Extracted 50 additional results from text
2025-11-20 17:35:43,966 - src.database_handler - INFO - Inserted test results for test_id: 33
2025-11-20 17:35:43,966 - __main__ - INFO - Processed: blood_18092023.PDF (67 total results extracted; pages parsed: 6)
2025-11-20 17:35:44,043 - __main__ - INFO - Processing: blood_18092024.PDF (pages: 7)
2025-11-20 17:35:45,569 - __main__ - INFO - Table extraction found 1 table(s) across 7 page(s) for blood_18092024.PDF
2025-11-20 17:35:45,593 - __main__ - INFO - Extracted 17 results from tables
2025-11-20 17:35:45,639 - __main__ - INFO - Extracted 54 additional results from text
2025-11-20 17:35:45,648 - src.database_handler - INFO - Inserted test results for test_id: 34
2025-11-20 17:35:45,649 - __main__ - INFO - Processed: blood_18092024.PDF (71 total results extracted; pages parsed: 7)
2025-11-20 17:35:45,740 - __main__ - INFO - Processing: blood_23122024.PDF (pages: 5)
2025-11-20 17:35:47,061 - __main__ - INFO - Table extraction found 2 table(s) across 5 page(s) for blood_23122024.PDF
2025-11-20 17:35:47,088 - __main__ - INFO - Extracted 17 results from tables
2025-11-20 17:35:47,118 - __main__ - INFO - Extracted 44 additional results from text
2025-11-20 17:35:47,134 - src.database_handler - INFO - Inserted test results for test_id: 35
2025-11-20 17:35:47,135 - __main__ - INFO - Processed: blood_23122024.PDF (61 total results extracted; pages parsed: 5)
2025-11-20 17:35:47,205 - __main__ - INFO - Processing: blood_24072023.PDF (pages: 4)
2025-11-20 17:35:48,434 - __main__ - INFO - Table extraction found 2 table(s) across 4 page(s) for blood_24072023.PDF
2025-11-20 17:35:48,460 - __main__ - INFO - Extracted 17 results from tables
2025-11-20 17:35:48,490 - __main__ - INFO - Extracted 42 additional results from text
2025-11-20 17:35:48,500 - src.database_handler - INFO - Inserted test results for test_id: 36
2025-11-20 17:35:48,500 - __main__ - INFO - Processed: blood_24072023.PDF (59 total results extracted; pages parsed: 4)
2025-11-20 17:35:48,576 - __main__ - INFO - Processing: blood_25062024.PDF (pages: 5)
2025-11-20 17:35:49,941 - __main__ - INFO - Table extraction found 2 table(s) across 5 page(s) for blood_25062024.PDF
2025-11-20 17:35:49,968 - __main__ - INFO - Extracted 17 results from tables
2025-11-20 17:35:50,003 - __main__ - INFO - Extracted 44 additional results from text
2025-11-20 17:35:50,018 - src.database_handler - INFO - Inserted test results for test_id: 37
2025-11-20 17:35:50,019 - __main__ - INFO - Processed: blood_25062024.PDF (61 total results extracted; pages parsed: 5)
2025-11-20 17:35:50,097 - __main__ - INFO - Processing: blood_28042025.PDF (pages: 6)
2025-11-20 17:35:51,614 - __main__ - INFO - Table extraction found 2 table(s) across 6 page(s) for blood_28042025.PDF
2025-11-20 17:35:51,640 - __main__ - INFO - Extracted 17 results from tables
2025-11-20 17:35:51,682 - __main__ - INFO - Extracted 55 additional results from text
2025-11-20 17:35:51,690 - src.database_handler - INFO - Inserted test results for test_id: 38
2025-11-20 17:35:51,690 - __main__ - INFO - Processed: blood_28042025.PDF (72 total results extracted; pages parsed: 6)
2025-11-20 17:35:51,764 - __main__ - INFO - Processing: blood_30012023.PDF (pages: 4)
2025-11-20 17:35:53,138 - __main__ - INFO - Table extraction found 2 table(s) across 4 page(s) for blood_30012023.PDF
2025-11-20 17:35:53,164 - __main__ - INFO - Extracted 17 results from tables
2025-11-20 17:35:53,193 - __main__ - INFO - Extracted 44 additional results from text
2025-11-20 17:35:53,201 - src.database_handler - INFO - Inserted test results for test_id: 39
2025-11-20 17:35:53,202 - __main__ - INFO - Processed: blood_30012023.PDF (61 total results extracted; pages parsed: 4)
2025-11-20 17:35:53,248 - __main__ - INFO - Processing: bloodResults_23092025.pdf (pages: 7)
2025-11-20 17:35:54,596 - __main__ - INFO - Table extraction found 1 table(s) across 7 page(s) for bloodResults_23092025.pdf
2025-11-20 17:35:54,617 - __main__ - INFO - Extracted 17 results from tables
2025-11-20 17:35:54,651 - __main__ - INFO - Extracted 56 additional results from text
2025-11-20 17:35:54,662 - src.database_handler - INFO - Inserted test results for test_id: 40
2025-11-20 17:35:54,663 - __main__ - INFO - Processed: bloodResults_23092025.pdf (73 total results extracted; pages parsed: 7)
2025-11-20 17:35:54,733 - __main__ - INFO - Processing: blood_01042024.PDF (pages: 9)
2025-11-20 17:35:56,397 - __main__ - INFO - Table extraction found 1 table(s) across 9 page(s) for blood_01042024.PDF
2025-11-20 17:35:56,417 - __main__ - INFO - Extracted 17 results from tables
2025-11-20 17:35:56,462 - __main__ - INFO - Extracted 69 additional results from text
2025-11-20 17:35:56,483 - src.database_handler - INFO - Inserted test results for test_id: 41
2025-11-20 17:35:56,484 - __main__ - INFO - Processed: blood_01042024.PDF (86 total results extracted; pages parsed: 9)
2025-11-20 17:35:56,541 - __main__ - INFO - Processing: blood_04122023.PDF (pages: 6)
2025-11-20 17:35:57,973 - __main__ - INFO - Table extraction found 2 table(s) across 6 page(s) for blood_04122023.PDF
2025-11-20 17:35:57,999 - __main__ - INFO - Extracted 17 results from tables
2025-11-20 17:35:58,035 - __main__ - INFO - Extracted 46 additional results from text
2025-11-20 17:35:58,046 - src.database_handler - INFO - Inserted test results for test_id: 42
2025-11-20 17:35:58,047 - __main__ - INFO - Processed: blood_04122023.PDF (63 total results extracted; pages parsed: 6)
2025-11-20 17:35:58,106 - __main__ - INFO - Processing: blood_05102023.PDF (pages: 5)
2025-11-20 17:35:59,423 - __main__ - INFO - Table extraction found 1 table(s) across 5 page(s) for blood_05102023.PDF
2025-11-20 17:35:59,443 - __main__ - INFO - Extracted 17 results from tables
2025-11-20 17:35:59,470 - __main__ - INFO - Extracted 44 additional results from text
2025-11-20 17:35:59,480 - src.database_handler - INFO - Inserted test results for test_id: 43
2025-11-20 17:35:59,480 - __main__ - INFO - Processed: blood_05102023.PDF (61 total results extracted; pages parsed: 5)
2025-11-20 17:35:59,529 - __main__ - INFO - Processing: blood_10072025.PDF (pages: 5)
2025-11-20 17:36:00,907 - __main__ - INFO - Table extraction found 2 table(s) across 5 page(s) for blood_10072025.PDF
2025-11-20 17:36:00,931 - __main__ - INFO - Extracted 17 results from tables
2025-11-20 17:36:00,962 - __main__ - INFO - Extracted 46 additional results from text
2025-11-20 17:36:00,971 - src.database_handler - INFO - Inserted test results for test_id: 44
2025-11-20 17:36:00,971 - __main__ - INFO - Processed: blood_10072025.PDF (63 total results extracted; pages parsed: 5)
2025-11-20 17:36:01,020 - __main__ - INFO - Processing: blood_11042023.PDF (pages: 8)
2025-11-20 17:36:02,807 - __main__ - INFO - Table extraction found 2 table(s) across 8 page(s) for blood_11042023.PDF
2025-11-20 17:36:02,835 - __main__ - INFO - Extracted 17 results from tables
2025-11-20 17:36:02,878 - __main__ - INFO - Extracted 61 additional results from text
2025-11-20 17:36:02,886 - src.database_handler - INFO - Inserted test results for test_id: 45
2025-11-20 17:36:02,887 - __main__ - INFO - Processed: blood_11042023.PDF (78 total results extracted; pages parsed: 8)
2025-11-20 17:36:02,937 - __main__ - INFO - Processing: blood_18092023.PDF (pages: 6)
2025-11-20 17:36:04,291 - __main__ - INFO - Table extraction found 2 table(s) across 6 page(s) for blood_18092023.PDF
2025-11-20 17:36:04,321 - __main__ - INFO - Extracted 17 results from tables
2025-11-20 17:36:04,364 - __main__ - INFO - Extracted 50 additional results from text
2025-11-20 17:36:04,371 - src.database_handler - INFO - Inserted test results for test_id: 46
2025-11-20 17:36:04,372 - __main__ - INFO - Processed: blood_18092023.PDF (67 total results extracted; pages parsed: 6)
2025-11-20 17:36:04,418 - __main__ - INFO - Processing: blood_18092024.PDF (pages: 7)
2025-11-20 17:36:05,891 - __main__ - INFO - Table extraction found 1 table(s) across 7 page(s) for blood_18092024.PDF
2025-11-20 17:36:05,914 - __main__ - INFO - Extracted 17 results from tables
2025-11-20 17:36:05,950 - __main__ - INFO - Extracted 54 additional results from text
2025-11-20 17:36:05,967 - src.database_handler - INFO - Inserted test results for test_id: 47
2025-11-20 17:36:05,967 - __main__ - INFO - Processed: blood_18092024.PDF (71 total results extracted; pages parsed: 7)
2025-11-20 17:36:06,017 - __main__ - INFO - Processing: blood_23122024.PDF (pages: 5)
2025-11-20 17:36:07,340 - __main__ - INFO - Table extraction found 2 table(s) across 5 page(s) for blood_23122024.PDF
2025-11-20 17:36:07,365 - __main__ - INFO - Extracted 17 results from tables
2025-11-20 17:36:07,400 - __main__ - INFO - Extracted 44 additional results from text
2025-11-20 17:36:07,411 - src.database_handler - INFO - Inserted test results for test_id: 48
2025-11-20 17:36:07,412 - __main__ - INFO - Processed: blood_23122024.PDF (61 total results extracted; pages parsed: 5)
2025-11-20 17:36:07,462 - __main__ - INFO - Processing: blood_24072023.PDF (pages: 4)
2025-11-20 17:36:08,831 - __main__ - INFO - Table extraction found 2 table(s) across 4 page(s) for blood_24072023.PDF
2025-11-20 17:36:08,857 - __main__ - INFO - Extracted 17 results from tables
2025-11-20 17:36:08,893 - __main__ - INFO - Extracted 42 additional results from text
2025-11-20 17:36:08,903 - src.database_handler - INFO - Inserted test results for test_id: 49
2025-11-20 17:36:08,903 - __main__ - INFO - Processed: blood_24072023.PDF (59 total results extracted; pages parsed: 4)
2025-11-20 17:36:08,963 - __main__ - INFO - Processing: blood_25062024.PDF (pages: 5)
2025-11-20 17:36:10,409 - __main__ - INFO - Table extraction found 2 table(s) across 5 page(s) for blood_25062024.PDF
2025-11-20 17:36:10,435 - __main__ - INFO - Extracted 17 results from tables
2025-11-20 17:36:10,467 - __main__ - INFO - Extracted 44 additional results from text
2025-11-20 17:36:10,483 - src.database_handler - INFO - Inserted test results for test_id: 50
2025-11-20 17:36:10,483 - __main__ - INFO - Processed: blood_25062024.PDF (61 total results extracted; pages parsed: 5)
2025-11-20 17:36:10,536 - __main__ - INFO - Processing: blood_28042025.PDF (pages: 6)
2025-11-20 17:36:12,024 - __main__ - INFO - Table extraction found 2 table(s) across 6 page(s) for blood_28042025.PDF
2025-11-20 17:36:12,051 - __main__ - INFO - Extracted 17 results from tables
2025-11-20 17:36:12,091 - __main__ - INFO - Extracted 55 additional results from text
2025-11-20 17:36:12,102 - src.database_handler - INFO - Inserted test results for test_id: 51
2025-11-20 17:36:12,103 - __main__ - INFO - Processed: blood_28042025.PDF (72 total results extracted; pages parsed: 6)
2025-11-20 17:36:12,147 - __main__ - INFO - Processing: blood_30012023.PDF (pages: 4)
2025-11-20 17:36:13,563 - __main__ - INFO - Table extraction found 2 table(s) across 4 page(s) for blood_30012023.PDF
2025-11-20 17:36:13,591 - __main__ - INFO - Extracted 17 results from tables
2025-11-20 17:36:13,624 - __main__ - INFO - Extracted 44 additional results from text
2025-11-20 17:36:13,633 - src.database_handler - INFO - Inserted test results for test_id: 52
2025-11-20 17:36:13,634 - __main__ - INFO - Processed: blood_30012023.PDF (61 total results extracted; pages parsed: 4)
2025-11-20 17:36:13,634 - __main__ - INFO - 
Processing complete!
2025-11-20 17:36:13,634 - __main__ - INFO - Total tests processed: 26
2025-11-20 17:36:13,635 - __main__ - INFO - Total results stored: 1752
2025-11-20 17:36:13,635 - src.database_handler - INFO - Database connection closed
2025-11-20 17:36:13,636 - __main__ - INFO - === MS Blood Test Tracker Finished ===
2025-11-20 17:36:14,458 - __main__ - INFO - === MS Blood Test Tracker Started ===
2025-11-20 17:36:14,463 - src.database_handler - INFO - Connected to database: C:\smakryko\ms-blood-test-tracker\data\ms_blood_tests.db
2025-11-20 17:36:14,466 - src.database_handler - INFO - Database initialized successfully
2025-11-20 17:36:14,500 - src.database_handler - INFO - Exported 655 deduplicated results to results_complete.csv
2025-11-20 17:36:14,501 - __main__ - INFO - Results exported to: results_complete.csv
2025-11-20 17:36:14,502 - src.database_handler - INFO - Database connection closed
2025-11-20 17:36:14,502 - __main__ - INFO - === MS Blood Test Tracker Finished ===
2025-11-25 15:32:31,430 - __main__ - INFO - === MS Blood Test Tracker Started ===
2025-11-25 15:32:31,448 - src.database_handler - INFO - Connected to database: C:\smakryko\ms-blood-test-tracker\data\ms_blood_tests.db
2025-11-25 15:32:31,452 - src.database_handler - INFO - Database initialized successfully
2025-11-25 15:32:31,463 - src.pdf_reader - INFO - Using PDF library: pdfplumber
2025-11-25 15:32:31,468 - __main__ - INFO - Found 26 PDF file(s) to process
2025-11-25 15:32:31,535 - __main__ - INFO - Processing: bloodResults_23092025.pdf (pages: 7)
2025-11-25 15:32:32,549 - __main__ - INFO - Table extraction found 1 table(s) across 7 page(s) for bloodResults_23092025.pdf
2025-11-25 15:32:32,578 - __main__ - INFO - Extracted 17 results from tables
2025-11-25 15:32:32,612 - __main__ - INFO - Extracted 56 additional results from text
2025-11-25 15:32:32,622 - src.database_handler - INFO - Inserted test results for test_id: 53
2025-11-25 15:32:32,625 - __main__ - INFO - Processed: bloodResults_23092025.pdf (73 total results extracted; pages parsed: 7)
2025-11-25 15:32:32,724 - __main__ - INFO - Processing: blood_01042024.PDF (pages: 9)
2025-11-25 15:32:34,261 - __main__ - INFO - Table extraction found 1 table(s) across 9 page(s) for blood_01042024.PDF
2025-11-25 15:32:34,275 - __main__ - INFO - Extracted 17 results from tables
2025-11-25 15:32:34,308 - __main__ - INFO - Extracted 69 additional results from text
2025-11-25 15:32:34,316 - src.database_handler - INFO - Inserted test results for test_id: 54
2025-11-25 15:32:34,317 - __main__ - INFO - Processed: blood_01042024.PDF (86 total results extracted; pages parsed: 9)
2025-11-25 15:32:34,386 - __main__ - INFO - Processing: blood_04122023.PDF (pages: 6)
2025-11-25 15:32:35,468 - __main__ - INFO - Table extraction found 2 table(s) across 6 page(s) for blood_04122023.PDF
2025-11-25 15:32:35,484 - __main__ - INFO - Extracted 17 results from tables
2025-11-25 15:32:35,510 - __main__ - INFO - Extracted 46 additional results from text
2025-11-25 15:32:35,519 - src.database_handler - INFO - Inserted test results for test_id: 55
2025-11-25 15:32:35,520 - __main__ - INFO - Processed: blood_04122023.PDF (63 total results extracted; pages parsed: 6)
2025-11-25 15:32:35,583 - __main__ - INFO - Processing: blood_05102023.PDF (pages: 5)
2025-11-25 15:32:36,652 - __main__ - INFO - Table extraction found 1 table(s) across 5 page(s) for blood_05102023.PDF
2025-11-25 15:32:36,666 - __main__ - INFO - Extracted 17 results from tables
2025-11-25 15:32:36,687 - __main__ - INFO - Extracted 44 additional results from text
2025-11-25 15:32:36,696 - src.database_handler - INFO - Inserted test results for test_id: 56
2025-11-25 15:32:36,696 - __main__ - INFO - Processed: blood_05102023.PDF (61 total results extracted; pages parsed: 5)
2025-11-25 15:32:36,765 - __main__ - INFO - Processing: blood_10072025.PDF (pages: 5)
2025-11-25 15:32:37,815 - __main__ - INFO - Table extraction found 2 table(s) across 5 page(s) for blood_10072025.PDF
2025-11-25 15:32:37,843 - __main__ - INFO - Extracted 17 results from tables
2025-11-25 15:32:37,898 - __main__ - INFO - Extracted 46 additional results from text
2025-11-25 15:32:37,912 - src.database_handler - INFO - Inserted test results for test_id: 57
2025-11-25 15:32:37,913 - __main__ - INFO - Processed: blood_10072025.PDF (63 total results extracted; pages parsed: 5)
2025-11-25 15:32:38,024 - __main__ - INFO - Processing: blood_11042023.PDF (pages: 8)
2025-11-25 15:32:39,474 - __main__ - INFO - Table extraction found 2 table(s) across 8 page(s) for blood_11042023.PDF
2025-11-25 15:32:39,492 - __main__ - INFO - Extracted 17 results from tables
2025-11-25 15:32:39,528 - __main__ - INFO - Extracted 61 additional results from text
2025-11-25 15:32:39,535 - src.database_handler - INFO - Inserted test results for test_id: 58
2025-11-25 15:32:39,536 - __main__ - INFO - Processed: blood_11042023.PDF (78 total results extracted; pages parsed: 8)
2025-11-25 15:32:39,607 - __main__ - INFO - Processing: blood_18092023.PDF (pages: 6)
2025-11-25 15:32:40,925 - __main__ - INFO - Table extraction found 2 table(s) across 6 page(s) for blood_18092023.PDF
2025-11-25 15:32:40,942 - __main__ - INFO - Extracted 17 results from tables
2025-11-25 15:32:40,968 - __main__ - INFO - Extracted 50 additional results from text
2025-11-25 15:32:40,976 - src.database_handler - INFO - Inserted test results for test_id: 59
2025-11-25 15:32:40,977 - __main__ - INFO - Processed: blood_18092023.PDF (67 total results extracted; pages parsed: 6)
2025-11-25 15:32:41,039 - __main__ - INFO - Processing: blood_18092024.PDF (pages: 7)
2025-11-25 15:32:42,406 - __main__ - INFO - Table extraction found 1 table(s) across 7 page(s) for blood_18092024.PDF
2025-11-25 15:32:42,421 - __main__ - INFO - Extracted 17 results from tables
2025-11-25 15:32:42,448 - __main__ - INFO - Extracted 54 additional results from text
2025-11-25 15:32:42,456 - src.database_handler - INFO - Inserted test results for test_id: 60
2025-11-25 15:32:42,456 - __main__ - INFO - Processed: blood_18092024.PDF (71 total results extracted; pages parsed: 7)
2025-11-25 15:32:42,520 - __main__ - INFO - Processing: blood_23122024.PDF (pages: 5)
2025-11-25 15:32:43,569 - __main__ - INFO - Table extraction found 2 table(s) across 5 page(s) for blood_23122024.PDF
2025-11-25 15:32:43,592 - __main__ - INFO - Extracted 17 results from tables
2025-11-25 15:32:43,619 - __main__ - INFO - Extracted 44 additional results from text
2025-11-25 15:32:43,629 - src.database_handler - INFO - Inserted test results for test_id: 61
2025-11-25 15:32:43,629 - __main__ - INFO - Processed: blood_23122024.PDF (61 total results extracted; pages parsed: 5)
2025-11-25 15:32:43,690 - __main__ - INFO - Processing: blood_24072023.PDF (pages: 4)
2025-11-25 15:32:44,617 - __main__ - INFO - Table extraction found 2 table(s) across 4 page(s) for blood_24072023.PDF
2025-11-25 15:32:44,634 - __main__ - INFO - Extracted 17 results from tables
2025-11-25 15:32:44,661 - __main__ - INFO - Extracted 42 additional results from text
2025-11-25 15:32:44,668 - src.database_handler - INFO - Inserted test results for test_id: 62
2025-11-25 15:32:44,669 - __main__ - INFO - Processed: blood_24072023.PDF (59 total results extracted; pages parsed: 4)
2025-11-25 15:32:44,743 - __main__ - INFO - Processing: blood_25062024.PDF (pages: 5)
2025-11-25 15:32:45,839 - __main__ - INFO - Table extraction found 2 table(s) across 5 page(s) for blood_25062024.PDF
2025-11-25 15:32:45,861 - __main__ - INFO - Extracted 17 results from tables
2025-11-25 15:32:45,885 - __main__ - INFO - Extracted 44 additional results from text
2025-11-25 15:32:45,898 - src.database_handler - INFO - Inserted test results for test_id: 63
2025-11-25 15:32:45,898 - __main__ - INFO - Processed: blood_25062024.PDF (61 total results extracted; pages parsed: 5)
2025-11-25 15:32:45,984 - __main__ - INFO - Processing: blood_28042025.PDF (pages: 6)
2025-11-25 15:32:47,370 - __main__ - INFO - Table extraction found 2 table(s) across 6 page(s) for blood_28042025.PDF
2025-11-25 15:32:47,387 - __main__ - INFO - Extracted 17 results from tables
2025-11-25 15:32:47,416 - __main__ - INFO - Extracted 55 additional results from text
2025-11-25 15:32:47,426 - src.database_handler - INFO - Inserted test results for test_id: 64
2025-11-25 15:32:47,427 - __main__ - INFO - Processed: blood_28042025.PDF (72 total results extracted; pages parsed: 6)
2025-11-25 15:32:47,499 - __main__ - INFO - Processing: blood_30012023.PDF (pages: 4)
2025-11-25 15:32:48,617 - __main__ - INFO - Table extraction found 2 table(s) across 4 page(s) for blood_30012023.PDF
2025-11-25 15:32:48,634 - __main__ - INFO - Extracted 17 results from tables
2025-11-25 15:32:48,660 - __main__ - INFO - Extracted 44 additional results from text
2025-11-25 15:32:48,669 - src.database_handler - INFO - Inserted test results for test_id: 65
2025-11-25 15:32:48,670 - __main__ - INFO - Processed: blood_30012023.PDF (61 total results extracted; pages parsed: 4)
2025-11-25 15:32:48,711 - __main__ - INFO - Processing: bloodResults_23092025.pdf (pages: 7)
2025-11-25 15:32:49,734 - __main__ - INFO - Table extraction found 1 table(s) across 7 page(s) for bloodResults_23092025.pdf
2025-11-25 15:32:49,751 - __main__ - INFO - Extracted 17 results from tables
2025-11-25 15:32:49,777 - __main__ - INFO - Extracted 56 additional results from text
2025-11-25 15:32:49,787 - src.database_handler - INFO - Inserted test results for test_id: 66
2025-11-25 15:32:49,788 - __main__ - INFO - Processed: bloodResults_23092025.pdf (73 total results extracted; pages parsed: 7)
2025-11-25 15:32:49,839 - __main__ - INFO - Processing: blood_01042024.PDF (pages: 9)
2025-11-25 15:32:51,243 - __main__ - INFO - Table extraction found 1 table(s) across 9 page(s) for blood_01042024.PDF
2025-11-25 15:32:51,261 - __main__ - INFO - Extracted 17 results from tables
2025-11-25 15:32:51,296 - __main__ - INFO - Extracted 69 additional results from text
2025-11-25 15:32:51,303 - src.database_handler - INFO - Inserted test results for test_id: 67
2025-11-25 15:32:51,306 - __main__ - INFO - Processed: blood_01042024.PDF (86 total results extracted; pages parsed: 9)
2025-11-25 15:32:51,347 - __main__ - INFO - Processing: blood_04122023.PDF (pages: 6)
2025-11-25 15:32:52,377 - __main__ - INFO - Table extraction found 2 table(s) across 6 page(s) for blood_04122023.PDF
2025-11-25 15:32:52,397 - __main__ - INFO - Extracted 17 results from tables
2025-11-25 15:32:52,430 - __main__ - INFO - Extracted 46 additional results from text
2025-11-25 15:32:52,442 - src.database_handler - INFO - Inserted test results for test_id: 68
2025-11-25 15:32:52,443 - __main__ - INFO - Processed: blood_04122023.PDF (63 total results extracted; pages parsed: 6)
2025-11-25 15:32:52,489 - __main__ - INFO - Processing: blood_05102023.PDF (pages: 5)
2025-11-25 15:32:53,625 - __main__ - INFO - Table extraction found 1 table(s) across 5 page(s) for blood_05102023.PDF
2025-11-25 15:32:53,640 - __main__ - INFO - Extracted 17 results from tables
2025-11-25 15:32:53,665 - __main__ - INFO - Extracted 44 additional results from text
2025-11-25 15:32:53,673 - src.database_handler - INFO - Inserted test results for test_id: 69
2025-11-25 15:32:53,674 - __main__ - INFO - Processed: blood_05102023.PDF (61 total results extracted; pages parsed: 5)
2025-11-25 15:32:53,723 - __main__ - INFO - Processing: blood_10072025.PDF (pages: 5)
2025-11-25 15:32:54,828 - __main__ - INFO - Table extraction found 2 table(s) across 5 page(s) for blood_10072025.PDF
2025-11-25 15:32:54,847 - __main__ - INFO - Extracted 17 results from tables
2025-11-25 15:32:54,874 - __main__ - INFO - Extracted 46 additional results from text
2025-11-25 15:32:54,886 - src.database_handler - INFO - Inserted test results for test_id: 70
2025-11-25 15:32:54,886 - __main__ - INFO - Processed: blood_10072025.PDF (63 total results extracted; pages parsed: 5)
2025-11-25 15:32:54,926 - __main__ - INFO - Processing: blood_11042023.PDF (pages: 8)
2025-11-25 15:32:56,339 - __main__ - INFO - Table extraction found 2 table(s) across 8 page(s) for blood_11042023.PDF
2025-11-25 15:32:56,362 - __main__ - INFO - Extracted 17 results from tables
2025-11-25 15:32:56,402 - __main__ - INFO - Extracted 61 additional results from text
2025-11-25 15:32:56,413 - src.database_handler - INFO - Inserted test results for test_id: 71
2025-11-25 15:32:56,414 - __main__ - INFO - Processed: blood_11042023.PDF (78 total results extracted; pages parsed: 8)
2025-11-25 15:32:56,461 - __main__ - INFO - Processing: blood_18092023.PDF (pages: 6)
2025-11-25 15:32:57,571 - __main__ - INFO - Table extraction found 2 table(s) across 6 page(s) for blood_18092023.PDF
2025-11-25 15:32:57,589 - __main__ - INFO - Extracted 17 results from tables
2025-11-25 15:32:57,622 - __main__ - INFO - Extracted 50 additional results from text
2025-11-25 15:32:57,632 - src.database_handler - INFO - Inserted test results for test_id: 72
2025-11-25 15:32:57,632 - __main__ - INFO - Processed: blood_18092023.PDF (67 total results extracted; pages parsed: 6)
2025-11-25 15:32:57,674 - __main__ - INFO - Processing: blood_18092024.PDF (pages: 7)
2025-11-25 15:32:58,772 - __main__ - INFO - Table extraction found 1 table(s) across 7 page(s) for blood_18092024.PDF
2025-11-25 15:32:58,785 - __main__ - INFO - Extracted 17 results from tables
2025-11-25 15:32:58,822 - __main__ - INFO - Extracted 54 additional results from text
2025-11-25 15:32:58,833 - src.database_handler - INFO - Inserted test results for test_id: 73
2025-11-25 15:32:58,833 - __main__ - INFO - Processed: blood_18092024.PDF (71 total results extracted; pages parsed: 7)
2025-11-25 15:32:58,877 - __main__ - INFO - Processing: blood_23122024.PDF (pages: 5)
2025-11-25 15:32:59,865 - __main__ - INFO - Table extraction found 2 table(s) across 5 page(s) for blood_23122024.PDF
2025-11-25 15:32:59,884 - __main__ - INFO - Extracted 17 results from tables
2025-11-25 15:32:59,918 - __main__ - INFO - Extracted 44 additional results from text
2025-11-25 15:32:59,928 - src.database_handler - INFO - Inserted test results for test_id: 74
2025-11-25 15:32:59,929 - __main__ - INFO - Processed: blood_23122024.PDF (61 total results extracted; pages parsed: 5)
2025-11-25 15:32:59,995 - __main__ - INFO - Processing: blood_24072023.PDF (pages: 4)
2025-11-25 15:33:01,068 - __main__ - INFO - Table extraction found 2 table(s) across 4 page(s) for blood_24072023.PDF
2025-11-25 15:33:01,086 - __main__ - INFO - Extracted 17 results from tables
2025-11-25 15:33:01,115 - __main__ - INFO - Extracted 42 additional results from text
2025-11-25 15:33:01,124 - src.database_handler - INFO - Inserted test results for test_id: 75
2025-11-25 15:33:01,125 - __main__ - INFO - Processed: blood_24072023.PDF (59 total results extracted; pages parsed: 4)
2025-11-25 15:33:01,199 - __main__ - INFO - Processing: blood_25062024.PDF (pages: 5)
2025-11-25 15:33:02,385 - __main__ - INFO - Table extraction found 2 table(s) across 5 page(s) for blood_25062024.PDF
2025-11-25 15:33:02,403 - __main__ - INFO - Extracted 17 results from tables
2025-11-25 15:33:02,428 - __main__ - INFO - Extracted 44 additional results from text
2025-11-25 15:33:02,436 - src.database_handler - INFO - Inserted test results for test_id: 76
2025-11-25 15:33:02,436 - __main__ - INFO - Processed: blood_25062024.PDF (61 total results extracted; pages parsed: 5)
2025-11-25 15:33:02,494 - __main__ - INFO - Processing: blood_28042025.PDF (pages: 6)
2025-11-25 15:33:03,678 - __main__ - INFO - Table extraction found 2 table(s) across 6 page(s) for blood_28042025.PDF
2025-11-25 15:33:03,696 - __main__ - INFO - Extracted 17 results from tables
2025-11-25 15:33:03,727 - __main__ - INFO - Extracted 55 additional results from text
2025-11-25 15:33:03,735 - src.database_handler - INFO - Inserted test results for test_id: 77
2025-11-25 15:33:03,736 - __main__ - INFO - Processed: blood_28042025.PDF (72 total results extracted; pages parsed: 6)
2025-11-25 15:33:03,800 - __main__ - INFO - Processing: blood_30012023.PDF (pages: 4)
2025-11-25 15:33:04,889 - __main__ - INFO - Table extraction found 2 table(s) across 4 page(s) for blood_30012023.PDF
2025-11-25 15:33:04,906 - __main__ - INFO - Extracted 17 results from tables
2025-11-25 15:33:04,927 - __main__ - INFO - Extracted 44 additional results from text
2025-11-25 15:33:04,945 - src.database_handler - INFO - Inserted test results for test_id: 78
2025-11-25 15:33:04,945 - __main__ - INFO - Processed: blood_30012023.PDF (61 total results extracted; pages parsed: 4)
2025-11-25 15:33:04,945 - __main__ - INFO - 
Processing complete!
2025-11-25 15:33:04,946 - __main__ - INFO - Total tests processed: 26
2025-11-25 15:33:04,946 - __main__ - INFO - Total results stored: 1752
2025-11-25 15:33:04,947 - src.database_handler - INFO - Database connection closed
2025-11-25 15:33:04,947 - __main__ - INFO - === MS Blood Test Tracker Finished ===
2025-11-25 15:34:35,469 - __main__ - INFO - === MS Blood Test Tracker Started ===
2025-11-25 15:34:35,496 - src.database_handler - INFO - Connected to database: C:\smakryko\ms-blood-test-tracker\data\ms_blood_tests.db
2025-11-25 15:34:35,497 - src.database_handler - INFO - Migrating schema: adding category_code column to test_results
2025-11-25 15:34:35,497 - src.database_handler - ERROR - Schema migration failed: no such table: test_results
2025-11-25 15:34:35,548 - src.database_handler - INFO - Database initialized successfully
2025-11-25 15:34:35,558 - src.pdf_reader - INFO - Using PDF library: pdfplumber
2025-11-25 15:34:35,561 - __main__ - INFO - Found 26 PDF file(s) to process
2025-11-25 15:34:35,633 - __main__ - INFO - Processing: bloodResults_23092025.pdf (pages: 7)
2025-11-25 15:34:36,677 - __main__ - INFO - Table extraction found 1 table(s) across 7 page(s) for bloodResults_23092025.pdf
2025-11-25 15:34:36,700 - __main__ - INFO - Extracted 17 results from tables
2025-11-25 15:34:36,729 - __main__ - INFO - Extracted 56 additional results from text
2025-11-25 15:34:36,739 - src.database_handler - INFO - Inserted test results for test_id: 1
2025-11-25 15:34:36,739 - __main__ - INFO - Processed: bloodResults_23092025.pdf (73 total results extracted; pages parsed: 7)
2025-11-25 15:34:36,809 - __main__ - INFO - Processing: blood_01042024.PDF (pages: 9)
2025-11-25 15:34:38,315 - __main__ - INFO - Table extraction found 1 table(s) across 9 page(s) for blood_01042024.PDF
2025-11-25 15:34:38,330 - __main__ - INFO - Extracted 17 results from tables
2025-11-25 15:34:38,363 - __main__ - INFO - Extracted 69 additional results from text
2025-11-25 15:34:38,374 - src.database_handler - INFO - Inserted test results for test_id: 2
2025-11-25 15:34:38,375 - __main__ - INFO - Processed: blood_01042024.PDF (86 total results extracted; pages parsed: 9)
2025-11-25 15:34:38,441 - __main__ - INFO - Processing: blood_04122023.PDF (pages: 6)
2025-11-25 15:34:39,490 - __main__ - INFO - Table extraction found 2 table(s) across 6 page(s) for blood_04122023.PDF
2025-11-25 15:34:39,508 - __main__ - INFO - Extracted 17 results from tables
2025-11-25 15:34:39,534 - __main__ - INFO - Extracted 46 additional results from text
2025-11-25 15:34:39,544 - src.database_handler - INFO - Inserted test results for test_id: 3
2025-11-25 15:34:39,544 - __main__ - INFO - Processed: blood_04122023.PDF (63 total results extracted; pages parsed: 6)
2025-11-25 15:34:39,610 - __main__ - INFO - Processing: blood_05102023.PDF (pages: 5)
2025-11-25 15:34:40,730 - __main__ - INFO - Table extraction found 1 table(s) across 5 page(s) for blood_05102023.PDF
2025-11-25 15:34:40,747 - __main__ - INFO - Extracted 17 results from tables
2025-11-25 15:34:40,771 - __main__ - INFO - Extracted 44 additional results from text
2025-11-25 15:34:40,781 - src.database_handler - INFO - Inserted test results for test_id: 4
2025-11-25 15:34:40,781 - __main__ - INFO - Processed: blood_05102023.PDF (61 total results extracted; pages parsed: 5)
2025-11-25 15:34:40,854 - __main__ - INFO - Processing: blood_10072025.PDF (pages: 5)
2025-11-25 15:34:41,846 - __main__ - INFO - Table extraction found 2 table(s) across 5 page(s) for blood_10072025.PDF
2025-11-25 15:34:41,865 - __main__ - INFO - Extracted 17 results from tables
2025-11-25 15:34:41,897 - __main__ - INFO - Extracted 46 additional results from text
2025-11-25 15:34:41,906 - src.database_handler - INFO - Inserted test results for test_id: 5
2025-11-25 15:34:41,907 - __main__ - INFO - Processed: blood_10072025.PDF (63 total results extracted; pages parsed: 5)
2025-11-25 15:34:41,975 - __main__ - INFO - Processing: blood_11042023.PDF (pages: 8)
2025-11-25 15:34:43,436 - __main__ - INFO - Table extraction found 2 table(s) across 8 page(s) for blood_11042023.PDF
2025-11-25 15:34:43,455 - __main__ - INFO - Extracted 17 results from tables
2025-11-25 15:34:43,492 - __main__ - INFO - Extracted 61 additional results from text
2025-11-25 15:34:43,502 - src.database_handler - INFO - Inserted test results for test_id: 6
2025-11-25 15:34:43,502 - __main__ - INFO - Processed: blood_11042023.PDF (78 total results extracted; pages parsed: 8)
2025-11-25 15:34:43,578 - __main__ - INFO - Processing: blood_18092023.PDF (pages: 6)
2025-11-25 15:34:44,720 - __main__ - INFO - Table extraction found 2 table(s) across 6 page(s) for blood_18092023.PDF
2025-11-25 15:34:44,739 - __main__ - INFO - Extracted 17 results from tables
2025-11-25 15:34:44,772 - __main__ - INFO - Extracted 50 additional results from text
2025-11-25 15:34:44,787 - src.database_handler - INFO - Inserted test results for test_id: 7
2025-11-25 15:34:44,787 - __main__ - INFO - Processed: blood_18092023.PDF (67 total results extracted; pages parsed: 6)
2025-11-25 15:34:44,860 - __main__ - INFO - Processing: blood_18092024.PDF (pages: 7)
2025-11-25 15:34:46,216 - __main__ - INFO - Table extraction found 1 table(s) across 7 page(s) for blood_18092024.PDF
2025-11-25 15:34:46,234 - __main__ - INFO - Extracted 17 results from tables
2025-11-25 15:34:46,259 - __main__ - INFO - Extracted 54 additional results from text
2025-11-25 15:34:46,268 - src.database_handler - INFO - Inserted test results for test_id: 8
2025-11-25 15:34:46,269 - __main__ - INFO - Processed: blood_18092024.PDF (71 total results extracted; pages parsed: 7)
2025-11-25 15:34:46,342 - __main__ - INFO - Processing: blood_23122024.PDF (pages: 5)
2025-11-25 15:34:47,395 - __main__ - INFO - Table extraction found 2 table(s) across 5 page(s) for blood_23122024.PDF
2025-11-25 15:34:47,419 - __main__ - INFO - Extracted 17 results from tables
2025-11-25 15:34:47,444 - __main__ - INFO - Extracted 44 additional results from text
2025-11-25 15:34:47,455 - src.database_handler - INFO - Inserted test results for test_id: 9
2025-11-25 15:34:47,455 - __main__ - INFO - Processed: blood_23122024.PDF (61 total results extracted; pages parsed: 5)
2025-11-25 15:34:47,504 - __main__ - INFO - Processing: blood_24072023.PDF (pages: 4)
2025-11-25 15:34:48,580 - __main__ - INFO - Table extraction found 2 table(s) across 4 page(s) for blood_24072023.PDF
2025-11-25 15:34:48,607 - __main__ - INFO - Extracted 17 results from tables
2025-11-25 15:34:48,634 - __main__ - INFO - Extracted 42 additional results from text
2025-11-25 15:34:48,656 - src.database_handler - INFO - Inserted test results for test_id: 10
2025-11-25 15:34:48,657 - __main__ - INFO - Processed: blood_24072023.PDF (59 total results extracted; pages parsed: 4)
2025-11-25 15:34:48,711 - __main__ - INFO - Processing: blood_25062024.PDF (pages: 5)
2025-11-25 15:34:50,003 - __main__ - INFO - Table extraction found 2 table(s) across 5 page(s) for blood_25062024.PDF
2025-11-25 15:34:50,020 - __main__ - INFO - Extracted 17 results from tables
2025-11-25 15:34:50,044 - __main__ - INFO - Extracted 44 additional results from text
2025-11-25 15:34:50,059 - src.database_handler - INFO - Inserted test results for test_id: 11
2025-11-25 15:34:50,060 - __main__ - INFO - Processed: blood_25062024.PDF (61 total results extracted; pages parsed: 5)
2025-11-25 15:34:50,102 - __main__ - INFO - Processing: blood_28042025.PDF (pages: 6)
2025-11-25 15:34:51,255 - __main__ - INFO - Table extraction found 2 table(s) across 6 page(s) for blood_28042025.PDF
2025-11-25 15:34:51,278 - __main__ - INFO - Extracted 17 results from tables
2025-11-25 15:34:51,314 - __main__ - INFO - Extracted 55 additional results from text
2025-11-25 15:34:51,326 - src.database_handler - INFO - Inserted test results for test_id: 12
2025-11-25 15:34:51,326 - __main__ - INFO - Processed: blood_28042025.PDF (72 total results extracted; pages parsed: 6)
2025-11-25 15:34:51,367 - __main__ - INFO - Processing: blood_30012023.PDF (pages: 4)
2025-11-25 15:34:52,594 - __main__ - INFO - Table extraction found 2 table(s) across 4 page(s) for blood_30012023.PDF
2025-11-25 15:34:52,613 - __main__ - INFO - Extracted 17 results from tables
2025-11-25 15:34:52,635 - __main__ - INFO - Extracted 44 additional results from text
2025-11-25 15:34:52,646 - src.database_handler - INFO - Inserted test results for test_id: 13
2025-11-25 15:34:52,647 - __main__ - INFO - Processed: blood_30012023.PDF (61 total results extracted; pages parsed: 4)
2025-11-25 15:34:52,692 - __main__ - INFO - Processing: bloodResults_23092025.pdf (pages: 7)
2025-11-25 15:34:53,678 - __main__ - INFO - Table extraction found 1 table(s) across 7 page(s) for bloodResults_23092025.pdf
2025-11-25 15:34:53,693 - __main__ - INFO - Extracted 17 results from tables
2025-11-25 15:34:53,723 - __main__ - INFO - Extracted 56 additional results from text
2025-11-25 15:34:53,745 - src.database_handler - INFO - Inserted test results for test_id: 14
2025-11-25 15:34:53,745 - __main__ - INFO - Processed: bloodResults_23092025.pdf (73 total results extracted; pages parsed: 7)
2025-11-25 15:34:53,789 - __main__ - INFO - Processing: blood_01042024.PDF (pages: 9)
2025-11-25 15:34:55,309 - __main__ - INFO - Table extraction found 1 table(s) across 9 page(s) for blood_01042024.PDF
2025-11-25 15:34:55,323 - __main__ - INFO - Extracted 17 results from tables
2025-11-25 15:34:55,355 - __main__ - INFO - Extracted 69 additional results from text
2025-11-25 15:34:55,366 - src.database_handler - INFO - Inserted test results for test_id: 15
2025-11-25 15:34:55,367 - __main__ - INFO - Processed: blood_01042024.PDF (86 total results extracted; pages parsed: 9)
2025-11-25 15:34:55,409 - __main__ - INFO - Processing: blood_04122023.PDF (pages: 6)
2025-11-25 15:34:56,480 - __main__ - INFO - Table extraction found 2 table(s) across 6 page(s) for blood_04122023.PDF
2025-11-25 15:34:56,497 - __main__ - INFO - Extracted 17 results from tables
2025-11-25 15:34:56,523 - __main__ - INFO - Extracted 46 additional results from text
2025-11-25 15:34:56,533 - src.database_handler - INFO - Inserted test results for test_id: 16
2025-11-25 15:34:56,533 - __main__ - INFO - Processed: blood_04122023.PDF (63 total results extracted; pages parsed: 6)
2025-11-25 15:34:56,572 - __main__ - INFO - Processing: blood_05102023.PDF (pages: 5)
2025-11-25 15:34:57,691 - __main__ - INFO - Table extraction found 1 table(s) across 5 page(s) for blood_05102023.PDF
2025-11-25 15:34:57,707 - __main__ - INFO - Extracted 17 results from tables
2025-11-25 15:34:57,726 - __main__ - INFO - Extracted 44 additional results from text
2025-11-25 15:34:57,737 - src.database_handler - INFO - Inserted test results for test_id: 17
2025-11-25 15:34:57,738 - __main__ - INFO - Processed: blood_05102023.PDF (61 total results extracted; pages parsed: 5)
2025-11-25 15:34:57,778 - __main__ - INFO - Processing: blood_10072025.PDF (pages: 5)
2025-11-25 15:34:58,738 - __main__ - INFO - Table extraction found 2 table(s) across 5 page(s) for blood_10072025.PDF
2025-11-25 15:34:58,756 - __main__ - INFO - Extracted 17 results from tables
2025-11-25 15:34:58,781 - __main__ - INFO - Extracted 46 additional results from text
2025-11-25 15:34:58,802 - src.database_handler - INFO - Inserted test results for test_id: 18
2025-11-25 15:34:58,803 - __main__ - INFO - Processed: blood_10072025.PDF (63 total results extracted; pages parsed: 5)
2025-11-25 15:34:58,855 - __main__ - INFO - Processing: blood_11042023.PDF (pages: 8)
2025-11-25 15:35:00,286 - __main__ - INFO - Table extraction found 2 table(s) across 8 page(s) for blood_11042023.PDF
2025-11-25 15:35:00,303 - __main__ - INFO - Extracted 17 results from tables
2025-11-25 15:35:00,336 - __main__ - INFO - Extracted 61 additional results from text
2025-11-25 15:35:00,346 - src.database_handler - INFO - Inserted test results for test_id: 19
2025-11-25 15:35:00,347 - __main__ - INFO - Processed: blood_11042023.PDF (78 total results extracted; pages parsed: 8)
2025-11-25 15:35:00,389 - __main__ - INFO - Processing: blood_18092023.PDF (pages: 6)
2025-11-25 15:35:01,456 - __main__ - INFO - Table extraction found 2 table(s) across 6 page(s) for blood_18092023.PDF
2025-11-25 15:35:01,475 - __main__ - INFO - Extracted 17 results from tables
2025-11-25 15:35:01,504 - __main__ - INFO - Extracted 50 additional results from text
2025-11-25 15:35:01,515 - src.database_handler - INFO - Inserted test results for test_id: 20
2025-11-25 15:35:01,516 - __main__ - INFO - Processed: blood_18092023.PDF (67 total results extracted; pages parsed: 6)
2025-11-25 15:35:01,551 - __main__ - INFO - Processing: blood_18092024.PDF (pages: 7)
2025-11-25 15:35:02,821 - __main__ - INFO - Table extraction found 1 table(s) across 7 page(s) for blood_18092024.PDF
2025-11-25 15:35:02,837 - __main__ - INFO - Extracted 17 results from tables
2025-11-25 15:35:02,866 - __main__ - INFO - Extracted 54 additional results from text
2025-11-25 15:35:02,877 - src.database_handler - INFO - Inserted test results for test_id: 21
2025-11-25 15:35:02,877 - __main__ - INFO - Processed: blood_18092024.PDF (71 total results extracted; pages parsed: 7)
2025-11-25 15:35:02,920 - __main__ - INFO - Processing: blood_23122024.PDF (pages: 5)
2025-11-25 15:35:03,858 - __main__ - INFO - Table extraction found 2 table(s) across 5 page(s) for blood_23122024.PDF
2025-11-25 15:35:03,879 - __main__ - INFO - Extracted 17 results from tables
2025-11-25 15:35:03,917 - __main__ - INFO - Extracted 44 additional results from text
2025-11-25 15:35:04,028 - src.database_handler - INFO - Inserted test results for test_id: 22
2025-11-25 15:35:04,028 - __main__ - INFO - Processed: blood_23122024.PDF (61 total results extracted; pages parsed: 5)
2025-11-25 15:35:04,076 - __main__ - INFO - Processing: blood_24072023.PDF (pages: 4)
2025-11-25 15:35:05,077 - __main__ - INFO - Table extraction found 2 table(s) across 4 page(s) for blood_24072023.PDF
2025-11-25 15:35:05,096 - __main__ - INFO - Extracted 17 results from tables
2025-11-25 15:35:05,120 - __main__ - INFO - Extracted 42 additional results from text
2025-11-25 15:35:05,143 - src.database_handler - INFO - Inserted test results for test_id: 23
2025-11-25 15:35:05,143 - __main__ - INFO - Processed: blood_24072023.PDF (59 total results extracted; pages parsed: 4)
2025-11-25 15:35:05,184 - __main__ - INFO - Processing: blood_25062024.PDF (pages: 5)
2025-11-25 15:35:06,388 - __main__ - INFO - Table extraction found 2 table(s) across 5 page(s) for blood_25062024.PDF
2025-11-25 15:35:06,408 - __main__ - INFO - Extracted 17 results from tables
2025-11-25 15:35:06,434 - __main__ - INFO - Extracted 44 additional results from text
2025-11-25 15:35:06,444 - src.database_handler - INFO - Inserted test results for test_id: 24
2025-11-25 15:35:06,444 - __main__ - INFO - Processed: blood_25062024.PDF (61 total results extracted; pages parsed: 5)
2025-11-25 15:35:06,484 - __main__ - INFO - Processing: blood_28042025.PDF (pages: 6)
2025-11-25 15:35:07,732 - __main__ - INFO - Table extraction found 2 table(s) across 6 page(s) for blood_28042025.PDF
2025-11-25 15:35:07,750 - __main__ - INFO - Extracted 17 results from tables
2025-11-25 15:35:07,783 - __main__ - INFO - Extracted 55 additional results from text
2025-11-25 15:35:07,820 - src.database_handler - INFO - Inserted test results for test_id: 25
2025-11-25 15:35:07,831 - __main__ - INFO - Processed: blood_28042025.PDF (72 total results extracted; pages parsed: 6)
2025-11-25 15:35:07,901 - __main__ - INFO - Processing: blood_30012023.PDF (pages: 4)
2025-11-25 15:35:09,127 - __main__ - INFO - Table extraction found 2 table(s) across 4 page(s) for blood_30012023.PDF
2025-11-25 15:35:09,146 - __main__ - INFO - Extracted 17 results from tables
2025-11-25 15:35:09,167 - __main__ - INFO - Extracted 44 additional results from text
2025-11-25 15:35:09,178 - src.database_handler - INFO - Inserted test results for test_id: 26
2025-11-25 15:35:09,179 - __main__ - INFO - Processed: blood_30012023.PDF (61 total results extracted; pages parsed: 4)
2025-11-25 15:35:09,179 - __main__ - INFO - 
Processing complete!
2025-11-25 15:35:09,179 - __main__ - INFO - Total tests processed: 26
2025-11-25 15:35:09,179 - __main__ - INFO - Total results stored: 1752
2025-11-25 15:35:09,180 - src.database_handler - INFO - Database connection closed
2025-11-25 15:35:09,180 - __main__ - INFO - === MS Blood Test Tracker Finished ===
2025-12-07 14:36:32,328 - __main__ - INFO - === MS Blood Test Tracker Started ===
2025-12-07 14:36:32,358 - src.database_handler - INFO - Connected to database: C:\smakryko\ms-blood-test-tracker\data\ms_blood_tests.db
2025-12-07 14:36:32,365 - src.database_handler - INFO - Migrating schema: adding category_code column to test_results
2025-12-07 14:36:32,365 - src.database_handler - ERROR - Schema migration failed: no such table: test_results
2025-12-07 14:36:32,444 - src.database_handler - INFO - Database initialized successfully
2025-12-07 14:36:32,455 - src.pdf_reader - INFO - Using PDF library: pdfplumber
2025-12-07 14:36:32,459 - __main__ - INFO - Found 26 PDF file(s) to process
2025-12-07 14:36:32,525 - __main__ - INFO - Processing: bloodResults_23092025.pdf (pages: 7)
2025-12-07 14:36:33,490 - __main__ - INFO - Table extraction found 1 table(s) across 7 page(s) for bloodResults_23092025.pdf
2025-12-07 14:36:33,514 - __main__ - INFO - Extracted 17 results from tables
2025-12-07 14:36:33,547 - __main__ - INFO - Extracted 56 additional results from text
2025-12-07 14:36:33,559 - src.database_handler - INFO - Inserted test results for test_id: 1
2025-12-07 14:36:33,560 - __main__ - INFO - Processed: bloodResults_23092025.pdf (73 total results extracted; pages parsed: 7)
2025-12-07 14:36:33,632 - __main__ - INFO - Processing: blood_01042024.PDF (pages: 9)
2025-12-07 14:36:35,339 - __main__ - INFO - Table extraction found 1 table(s) across 9 page(s) for blood_01042024.PDF
2025-12-07 14:36:35,362 - __main__ - INFO - Extracted 17 results from tables
2025-12-07 14:36:35,410 - __main__ - INFO - Extracted 69 additional results from text
2025-12-07 14:36:35,440 - src.database_handler - INFO - Inserted test results for test_id: 2
2025-12-07 14:36:35,441 - __main__ - INFO - Processed: blood_01042024.PDF (86 total results extracted; pages parsed: 9)
2025-12-07 14:36:35,521 - __main__ - INFO - Processing: blood_04122023.PDF (pages: 6)
2025-12-07 14:36:36,547 - __main__ - INFO - Table extraction found 2 table(s) across 6 page(s) for blood_04122023.PDF
2025-12-07 14:36:36,564 - __main__ - INFO - Extracted 17 results from tables
2025-12-07 14:36:36,587 - __main__ - INFO - Extracted 46 additional results from text
2025-12-07 14:36:36,602 - src.database_handler - INFO - Inserted test results for test_id: 3
2025-12-07 14:36:36,603 - __main__ - INFO - Processed: blood_04122023.PDF (63 total results extracted; pages parsed: 6)
2025-12-07 14:36:36,670 - __main__ - INFO - Processing: blood_05102023.PDF (pages: 5)
2025-12-07 14:36:37,758 - __main__ - INFO - Table extraction found 1 table(s) across 5 page(s) for blood_05102023.PDF
2025-12-07 14:36:37,773 - __main__ - INFO - Extracted 17 results from tables
2025-12-07 14:36:37,792 - __main__ - INFO - Extracted 44 additional results from text
2025-12-07 14:36:37,805 - src.database_handler - INFO - Inserted test results for test_id: 4
2025-12-07 14:36:37,805 - __main__ - INFO - Processed: blood_05102023.PDF (61 total results extracted; pages parsed: 5)
2025-12-07 14:36:37,872 - __main__ - INFO - Processing: blood_10072025.PDF (pages: 5)
2025-12-07 14:36:38,816 - __main__ - INFO - Table extraction found 2 table(s) across 5 page(s) for blood_10072025.PDF
2025-12-07 14:36:38,834 - __main__ - INFO - Extracted 17 results from tables
2025-12-07 14:36:38,865 - __main__ - INFO - Extracted 46 additional results from text
2025-12-07 14:36:38,912 - src.database_handler - INFO - Inserted test results for test_id: 5
2025-12-07 14:36:38,913 - __main__ - INFO - Processed: blood_10072025.PDF (63 total results extracted; pages parsed: 5)
2025-12-07 14:36:38,971 - __main__ - INFO - Processing: blood_11042023.PDF (pages: 8)
2025-12-07 14:36:40,398 - __main__ - INFO - Table extraction found 2 table(s) across 8 page(s) for blood_11042023.PDF
2025-12-07 14:36:40,414 - __main__ - INFO - Extracted 17 results from tables
2025-12-07 14:36:40,450 - __main__ - INFO - Extracted 61 additional results from text
2025-12-07 14:36:40,464 - src.database_handler - INFO - Inserted test results for test_id: 6
2025-12-07 14:36:40,464 - __main__ - INFO - Processed: blood_11042023.PDF (78 total results extracted; pages parsed: 8)
2025-12-07 14:36:40,525 - __main__ - INFO - Processing: blood_18092023.PDF (pages: 6)
2025-12-07 14:36:41,563 - __main__ - INFO - Table extraction found 2 table(s) across 6 page(s) for blood_18092023.PDF
2025-12-07 14:36:41,580 - __main__ - INFO - Extracted 17 results from tables
2025-12-07 14:36:41,609 - __main__ - INFO - Extracted 50 additional results from text
2025-12-07 14:36:41,624 - src.database_handler - INFO - Inserted test results for test_id: 7
2025-12-07 14:36:41,624 - __main__ - INFO - Processed: blood_18092023.PDF (67 total results extracted; pages parsed: 6)
2025-12-07 14:36:41,690 - __main__ - INFO - Processing: blood_18092024.PDF (pages: 7)
2025-12-07 14:36:43,062 - __main__ - INFO - Table extraction found 1 table(s) across 7 page(s) for blood_18092024.PDF
2025-12-07 14:36:43,083 - __main__ - INFO - Extracted 17 results from tables
2025-12-07 14:36:43,128 - __main__ - INFO - Extracted 54 additional results from text
2025-12-07 14:36:43,143 - src.database_handler - INFO - Inserted test results for test_id: 8
2025-12-07 14:36:43,144 - __main__ - INFO - Processed: blood_18092024.PDF (71 total results extracted; pages parsed: 7)
2025-12-07 14:36:43,226 - __main__ - INFO - Processing: blood_23122024.PDF (pages: 5)
2025-12-07 14:36:44,724 - __main__ - INFO - Table extraction found 2 table(s) across 5 page(s) for blood_23122024.PDF
2025-12-07 14:36:44,750 - __main__ - INFO - Extracted 17 results from tables
2025-12-07 14:36:44,796 - __main__ - INFO - Extracted 44 additional results from text
2025-12-07 14:36:44,809 - src.database_handler - INFO - Inserted test results for test_id: 9
2025-12-07 14:36:44,809 - __main__ - INFO - Processed: blood_23122024.PDF (61 total results extracted; pages parsed: 5)
2025-12-07 14:36:44,909 - __main__ - INFO - Processing: blood_24072023.PDF (pages: 4)
2025-12-07 14:36:46,305 - __main__ - INFO - Table extraction found 2 table(s) across 4 page(s) for blood_24072023.PDF
2025-12-07 14:36:46,336 - __main__ - INFO - Extracted 17 results from tables
2025-12-07 14:36:46,377 - __main__ - INFO - Extracted 42 additional results from text
2025-12-07 14:36:46,392 - src.database_handler - INFO - Inserted test results for test_id: 10
2025-12-07 14:36:46,392 - __main__ - INFO - Processed: blood_24072023.PDF (59 total results extracted; pages parsed: 4)
2025-12-07 14:36:46,475 - __main__ - INFO - Processing: blood_25062024.PDF (pages: 5)
2025-12-07 14:36:48,431 - __main__ - INFO - Table extraction found 2 table(s) across 5 page(s) for blood_25062024.PDF
2025-12-07 14:36:48,460 - __main__ - INFO - Extracted 17 results from tables
2025-12-07 14:36:48,505 - __main__ - INFO - Extracted 44 additional results from text
2025-12-07 14:36:48,521 - src.database_handler - INFO - Inserted test results for test_id: 11
2025-12-07 14:36:48,522 - __main__ - INFO - Processed: blood_25062024.PDF (61 total results extracted; pages parsed: 5)
2025-12-07 14:36:48,605 - __main__ - INFO - Processing: blood_28042025.PDF (pages: 6)
2025-12-07 14:36:50,308 - __main__ - INFO - Table extraction found 2 table(s) across 6 page(s) for blood_28042025.PDF
2025-12-07 14:36:50,339 - __main__ - INFO - Extracted 17 results from tables
2025-12-07 14:36:50,387 - __main__ - INFO - Extracted 55 additional results from text
2025-12-07 14:36:50,402 - src.database_handler - INFO - Inserted test results for test_id: 12
2025-12-07 14:36:50,403 - __main__ - INFO - Processed: blood_28042025.PDF (72 total results extracted; pages parsed: 6)
2025-12-07 14:36:50,494 - __main__ - INFO - Processing: blood_30012023.PDF (pages: 4)
2025-12-07 14:36:52,161 - __main__ - INFO - Table extraction found 2 table(s) across 4 page(s) for blood_30012023.PDF
2025-12-07 14:36:52,191 - __main__ - INFO - Extracted 17 results from tables
2025-12-07 14:36:52,220 - __main__ - INFO - Extracted 44 additional results from text
2025-12-07 14:36:52,242 - src.database_handler - INFO - Inserted test results for test_id: 13
2025-12-07 14:36:52,243 - __main__ - INFO - Processed: blood_30012023.PDF (61 total results extracted; pages parsed: 4)
2025-12-07 14:36:52,300 - __main__ - INFO - Processing: bloodResults_23092025.pdf (pages: 7)
2025-12-07 14:36:53,789 - __main__ - INFO - Table extraction found 1 table(s) across 7 page(s) for bloodResults_23092025.pdf
2025-12-07 14:36:53,810 - __main__ - INFO - Extracted 17 results from tables
2025-12-07 14:36:53,860 - __main__ - INFO - Extracted 56 additional results from text
2025-12-07 14:36:53,876 - src.database_handler - INFO - Inserted test results for test_id: 14
2025-12-07 14:36:53,877 - __main__ - INFO - Processed: bloodResults_23092025.pdf (73 total results extracted; pages parsed: 7)
2025-12-07 14:36:53,949 - __main__ - INFO - Processing: blood_01042024.PDF (pages: 9)
2025-12-07 14:36:55,967 - __main__ - INFO - Table extraction found 1 table(s) across 9 page(s) for blood_01042024.PDF
2025-12-07 14:36:55,996 - __main__ - INFO - Extracted 17 results from tables
2025-12-07 14:36:56,045 - __main__ - INFO - Extracted 69 additional results from text
2025-12-07 14:36:56,064 - src.database_handler - INFO - Inserted test results for test_id: 15
2025-12-07 14:36:56,064 - __main__ - INFO - Processed: blood_01042024.PDF (86 total results extracted; pages parsed: 9)
2025-12-07 14:36:56,132 - __main__ - INFO - Processing: blood_04122023.PDF (pages: 6)
2025-12-07 14:36:57,763 - __main__ - INFO - Table extraction found 2 table(s) across 6 page(s) for blood_04122023.PDF
2025-12-07 14:36:57,793 - __main__ - INFO - Extracted 17 results from tables
2025-12-07 14:36:57,835 - __main__ - INFO - Extracted 46 additional results from text
2025-12-07 14:36:57,851 - src.database_handler - INFO - Inserted test results for test_id: 16
2025-12-07 14:36:57,851 - __main__ - INFO - Processed: blood_04122023.PDF (63 total results extracted; pages parsed: 6)
2025-12-07 14:36:57,912 - __main__ - INFO - Processing: blood_05102023.PDF (pages: 5)
2025-12-07 14:36:59,501 - __main__ - INFO - Table extraction found 1 table(s) across 5 page(s) for blood_05102023.PDF
2025-12-07 14:36:59,527 - __main__ - INFO - Extracted 17 results from tables
2025-12-07 14:36:59,559 - __main__ - INFO - Extracted 44 additional results from text
2025-12-07 14:36:59,573 - src.database_handler - INFO - Inserted test results for test_id: 17
2025-12-07 14:36:59,574 - __main__ - INFO - Processed: blood_05102023.PDF (61 total results extracted; pages parsed: 5)
2025-12-07 14:36:59,632 - __main__ - INFO - Processing: blood_10072025.PDF (pages: 5)
2025-12-07 14:37:01,208 - __main__ - INFO - Table extraction found 2 table(s) across 5 page(s) for blood_10072025.PDF
2025-12-07 14:37:01,233 - __main__ - INFO - Extracted 17 results from tables
2025-12-07 14:37:01,272 - __main__ - INFO - Extracted 46 additional results from text
2025-12-07 14:37:01,287 - src.database_handler - INFO - Inserted test results for test_id: 18
2025-12-07 14:37:01,287 - __main__ - INFO - Processed: blood_10072025.PDF (63 total results extracted; pages parsed: 5)
2025-12-07 14:37:01,348 - __main__ - INFO - Processing: blood_11042023.PDF (pages: 8)
2025-12-07 14:37:03,332 - __main__ - INFO - Table extraction found 2 table(s) across 8 page(s) for blood_11042023.PDF
2025-12-07 14:37:03,359 - __main__ - INFO - Extracted 17 results from tables
2025-12-07 14:37:03,412 - __main__ - INFO - Extracted 61 additional results from text
2025-12-07 14:37:03,428 - src.database_handler - INFO - Inserted test results for test_id: 19
2025-12-07 14:37:03,428 - __main__ - INFO - Processed: blood_11042023.PDF (78 total results extracted; pages parsed: 8)
2025-12-07 14:37:03,493 - __main__ - INFO - Processing: blood_18092023.PDF (pages: 6)
2025-12-07 14:37:05,232 - __main__ - INFO - Table extraction found 2 table(s) across 6 page(s) for blood_18092023.PDF
2025-12-07 14:37:05,264 - __main__ - INFO - Extracted 17 results from tables
2025-12-07 14:37:05,311 - __main__ - INFO - Extracted 50 additional results from text
2025-12-07 14:37:05,326 - src.database_handler - INFO - Inserted test results for test_id: 20
2025-12-07 14:37:05,327 - __main__ - INFO - Processed: blood_18092023.PDF (67 total results extracted; pages parsed: 6)
2025-12-07 14:37:05,381 - __main__ - INFO - Processing: blood_18092024.PDF (pages: 7)
2025-12-07 14:37:07,177 - __main__ - INFO - Table extraction found 1 table(s) across 7 page(s) for blood_18092024.PDF
2025-12-07 14:37:07,202 - __main__ - INFO - Extracted 17 results from tables
2025-12-07 14:37:07,242 - __main__ - INFO - Extracted 54 additional results from text
2025-12-07 14:37:07,257 - src.database_handler - INFO - Inserted test results for test_id: 21
2025-12-07 14:37:07,257 - __main__ - INFO - Processed: blood_18092024.PDF (71 total results extracted; pages parsed: 7)
2025-12-07 14:37:07,322 - __main__ - INFO - Processing: blood_23122024.PDF (pages: 5)
2025-12-07 14:37:08,907 - __main__ - INFO - Table extraction found 2 table(s) across 5 page(s) for blood_23122024.PDF
2025-12-07 14:37:08,940 - __main__ - INFO - Extracted 17 results from tables
2025-12-07 14:37:08,977 - __main__ - INFO - Extracted 44 additional results from text
2025-12-07 14:37:08,992 - src.database_handler - INFO - Inserted test results for test_id: 22
2025-12-07 14:37:08,993 - __main__ - INFO - Processed: blood_23122024.PDF (61 total results extracted; pages parsed: 5)
2025-12-07 14:37:09,042 - __main__ - INFO - Processing: blood_24072023.PDF (pages: 4)
2025-12-07 14:37:10,536 - __main__ - INFO - Table extraction found 2 table(s) across 4 page(s) for blood_24072023.PDF
2025-12-07 14:37:10,569 - __main__ - INFO - Extracted 17 results from tables
2025-12-07 14:37:10,598 - __main__ - INFO - Extracted 42 additional results from text
2025-12-07 14:37:10,613 - src.database_handler - INFO - Inserted test results for test_id: 23
2025-12-07 14:37:10,614 - __main__ - INFO - Processed: blood_24072023.PDF (59 total results extracted; pages parsed: 4)
2025-12-07 14:37:10,662 - __main__ - INFO - Processing: blood_25062024.PDF (pages: 5)
2025-12-07 14:37:12,169 - __main__ - INFO - Table extraction found 2 table(s) across 5 page(s) for blood_25062024.PDF
2025-12-07 14:37:12,198 - __main__ - INFO - Extracted 17 results from tables
2025-12-07 14:37:12,233 - __main__ - INFO - Extracted 44 additional results from text
2025-12-07 14:37:12,248 - src.database_handler - INFO - Inserted test results for test_id: 24
2025-12-07 14:37:12,249 - __main__ - INFO - Processed: blood_25062024.PDF (61 total results extracted; pages parsed: 5)
2025-12-07 14:37:12,307 - __main__ - INFO - Processing: blood_28042025.PDF (pages: 6)
2025-12-07 14:37:13,890 - __main__ - INFO - Table extraction found 2 table(s) across 6 page(s) for blood_28042025.PDF
2025-12-07 14:37:13,922 - __main__ - INFO - Extracted 17 results from tables
2025-12-07 14:37:13,963 - __main__ - INFO - Extracted 55 additional results from text
2025-12-07 14:37:13,979 - src.database_handler - INFO - Inserted test results for test_id: 25
2025-12-07 14:37:13,980 - __main__ - INFO - Processed: blood_28042025.PDF (72 total results extracted; pages parsed: 6)
2025-12-07 14:37:14,033 - __main__ - INFO - Processing: blood_30012023.PDF (pages: 4)
2025-12-07 14:37:15,550 - __main__ - INFO - Table extraction found 2 table(s) across 4 page(s) for blood_30012023.PDF
2025-12-07 14:37:15,586 - __main__ - INFO - Extracted 17 results from tables
2025-12-07 14:37:15,627 - __main__ - INFO - Extracted 44 additional results from text
2025-12-07 14:37:15,641 - src.database_handler - INFO - Inserted test results for test_id: 26
2025-12-07 14:37:15,643 - __main__ - INFO - Processed: blood_30012023.PDF (61 total results extracted; pages parsed: 4)
2025-12-07 14:37:15,644 - __main__ - INFO - 
Processing complete!
2025-12-07 14:37:15,644 - __main__ - INFO - Total tests processed: 26
2025-12-07 14:37:15,645 - __main__ - INFO - Total results stored: 1752
2025-12-07 14:37:15,646 - src.database_handler - INFO - Database connection closed
2025-12-07 14:37:15,646 - __main__ - INFO - === MS Blood Test Tracker Finished ===
2025-12-07 15:24:15,276 - __main__ - INFO - === MS Blood Test Tracker Started ===
2025-12-07 15:24:15,304 - src.database_handler - INFO - Connected to database: C:\smakryko\ms-blood-test-tracker\data\ms_blood_tests.db
2025-12-07 15:24:15,310 - src.database_handler - INFO - Database initialized successfully
2025-12-07 15:24:15,330 - __main__ - INFO - 
Found 1700 test result(s):
2025-12-07 15:24:16,637 - src.database_handler - INFO - Database connection closed
2025-12-07 15:24:16,638 - __main__ - INFO - === MS Blood Test Tracker Finished ===
2025-12-07 15:44:02,337 - __main__ - INFO - === MS Blood Test Tracker Started ===
2025-12-07 15:44:02,355 - src.database_handler - INFO - Connected to database: C:\smakryko\ms-blood-test-tracker\data\ms_blood_tests.db
2025-12-07 15:44:02,364 - src.database_handler - INFO - Database initialized successfully
2025-12-07 15:44:02,395 - __main__ - INFO - 
Found 1700 test result(s):
2025-12-07 15:44:03,584 - src.database_handler - INFO - Database connection closed
2025-12-07 15:44:03,584 - __main__ - INFO - === MS Blood Test Tracker Finished ===
2025-12-07 15:46:38,064 - __main__ - INFO - === MS Blood Test Tracker Started ===
2025-12-07 15:46:38,069 - src.database_handler - INFO - Connected to database: C:\smakryko\ms-blood-test-tracker\data\ms_blood_tests.db
2025-12-07 15:46:38,073 - src.database_handler - INFO - Database initialized successfully
2025-12-07 15:46:38,094 - __main__ - INFO - 
Found 1700 test result(s):
2025-12-07 15:46:39,801 - __main__ - INFO - 
Saved 1 query results to database table 'query_results'
2025-12-07 15:46:39,803 - src.database_handler - INFO - Database connection closed
2025-12-07 15:46:39,804 - __main__ - INFO - === MS Blood Test Tracker Finished ===
2025-12-07 15:46:40,860 - __main__ - INFO - === MS Blood Test Tracker Started ===
2025-12-07 15:46:40,868 - src.database_handler - INFO - Connected to database: C:\smakryko\ms-blood-test-tracker\data\ms_blood_tests.db
2025-12-07 15:46:40,871 - src.database_handler - INFO - Database initialized successfully
2025-12-07 15:46:40,884 - __main__ - INFO - No results found matching the criteria
2025-12-07 15:46:40,885 - src.database_handler - INFO - Database connection closed
2025-12-07 15:46:40,885 - __main__ - INFO - === MS Blood Test Tracker Finished ===
2025-12-07 15:46:41,679 - __main__ - INFO - === MS Blood Test Tracker Started ===
2025-12-07 15:46:41,684 - src.database_handler - INFO - Connected to database: C:\smakryko\ms-blood-test-tracker\data\ms_blood_tests.db
2025-12-07 15:46:41,687 - src.database_handler - INFO - Database initialized successfully
2025-12-07 15:46:41,705 - __main__ - INFO - 
Found 558 test result(s):
2025-12-07 15:46:42,264 - __main__ - INFO - 
Saved 1 query results to database table 'query_results'
2025-12-07 15:46:42,265 - src.database_handler - INFO - Database connection closed
2025-12-07 15:46:42,265 - __main__ - INFO - === MS Blood Test Tracker Finished ===
2025-12-07 15:46:46,847 - __main__ - INFO - === MS Blood Test Tracker Started ===
2025-12-07 15:46:46,852 - src.database_handler - INFO - Connected to database: C:\smakryko\ms-blood-test-tracker\data\ms_blood_tests.db
2025-12-07 15:46:46,855 - src.database_handler - INFO - Database initialized successfully
2025-12-07 15:46:46,875 - __main__ - INFO - 
Found 946 test result(s):
2025-12-07 15:46:47,670 - __main__ - INFO - 
Saved 1 query results to database table 'query_results'
2025-12-07 15:46:47,673 - src.database_handler - INFO - Database connection closed
2025-12-07 15:46:47,673 - __main__ - INFO - === MS Blood Test Tracker Finished ===
2026-03-10 17:01:04,129 - __main__ - INFO - === MS Blood Test Tracker Started ===
2026-03-10 17:01:04,176 - src.database_handler - INFO - Connected to database: C:\smakryko\ms-blood-test-tracker\data\ms_blood_tests.db
2026-03-10 17:01:04,189 - src.database_handler - INFO - Database initialized successfully
2026-03-10 17:01:04,217 - src.pdf_reader - INFO - Using PDF library: pdfplumber
2026-03-10 17:01:04,228 - __main__ - INFO - Found 26 PDF file(s) to process
2026-03-10 17:01:04,409 - __main__ - INFO - Processing: bloodResults_23092025.pdf (pages: 7)
2026-03-10 17:01:07,609 - __main__ - INFO - Table extraction found 1 table(s) across 7 page(s) for bloodResults_23092025.pdf
2026-03-10 17:01:07,683 - __main__ - INFO - Extracted 17 results from tables
2026-03-10 17:01:07,771 - __main__ - INFO - Extracted 56 additional results from text
2026-03-10 17:01:07,802 - src.database_handler - INFO - Inserted test results for test_id: 27
2026-03-10 17:01:07,803 - __main__ - INFO - Processed: bloodResults_23092025.pdf (73 total results extracted; pages parsed: 7)
2026-03-10 17:01:08,064 - __main__ - INFO - Processing: blood_01042024.PDF (pages: 9)
2026-03-10 17:01:11,443 - __main__ - INFO - Table extraction found 1 table(s) across 9 page(s) for blood_01042024.PDF
2026-03-10 17:01:11,502 - __main__ - INFO - Extracted 17 results from tables
2026-03-10 17:01:11,598 - __main__ - INFO - Extracted 69 additional results from text
2026-03-10 17:01:11,616 - src.database_handler - INFO - Inserted test results for test_id: 28
2026-03-10 17:01:11,617 - __main__ - INFO - Processed: blood_01042024.PDF (86 total results extracted; pages parsed: 9)
2026-03-10 17:01:11,719 - __main__ - INFO - Processing: blood_04122023.PDF (pages: 6)
2026-03-10 17:01:13,674 - __main__ - INFO - Table extraction found 2 table(s) across 6 page(s) for blood_04122023.PDF
2026-03-10 17:01:13,703 - __main__ - INFO - Extracted 17 results from tables
2026-03-10 17:01:13,758 - __main__ - INFO - Extracted 46 additional results from text
2026-03-10 17:01:13,770 - src.database_handler - INFO - Inserted test results for test_id: 29
2026-03-10 17:01:13,771 - __main__ - INFO - Processed: blood_04122023.PDF (63 total results extracted; pages parsed: 6)
2026-03-10 17:01:13,891 - __main__ - INFO - Processing: blood_05102023.PDF (pages: 5)
2026-03-10 17:01:16,129 - __main__ - INFO - Table extraction found 1 table(s) across 5 page(s) for blood_05102023.PDF
2026-03-10 17:01:16,168 - __main__ - INFO - Extracted 17 results from tables
2026-03-10 17:01:16,214 - __main__ - INFO - Extracted 44 additional results from text
2026-03-10 17:01:16,229 - src.database_handler - INFO - Inserted test results for test_id: 30
2026-03-10 17:01:16,230 - __main__ - INFO - Processed: blood_05102023.PDF (61 total results extracted; pages parsed: 5)
2026-03-10 17:01:16,333 - __main__ - INFO - Processing: blood_10072025.PDF (pages: 5)
2026-03-10 17:01:17,971 - __main__ - INFO - Table extraction found 2 table(s) across 5 page(s) for blood_10072025.PDF
2026-03-10 17:01:18,011 - __main__ - INFO - Extracted 17 results from tables
2026-03-10 17:01:18,045 - __main__ - INFO - Extracted 46 additional results from text
2026-03-10 17:01:18,069 - src.database_handler - INFO - Inserted test results for test_id: 31
2026-03-10 17:01:18,070 - __main__ - INFO - Processed: blood_10072025.PDF (63 total results extracted; pages parsed: 5)
2026-03-10 17:01:18,162 - __main__ - INFO - Processing: blood_11042023.PDF (pages: 8)
2026-03-10 17:01:20,365 - __main__ - INFO - Table extraction found 2 table(s) across 8 page(s) for blood_11042023.PDF
2026-03-10 17:01:20,394 - __main__ - INFO - Extracted 17 results from tables
2026-03-10 17:01:20,450 - __main__ - INFO - Extracted 61 additional results from text
2026-03-10 17:01:20,475 - src.database_handler - INFO - Inserted test results for test_id: 32
2026-03-10 17:01:20,475 - __main__ - INFO - Processed: blood_11042023.PDF (78 total results extracted; pages parsed: 8)
2026-03-10 17:01:20,562 - __main__ - INFO - Processing: blood_18092023.PDF (pages: 6)
2026-03-10 17:01:21,963 - __main__ - INFO - Table extraction found 2 table(s) across 6 page(s) for blood_18092023.PDF
2026-03-10 17:01:21,990 - __main__ - INFO - Extracted 17 results from tables
2026-03-10 17:01:22,032 - __main__ - INFO - Extracted 50 additional results from text
2026-03-10 17:01:22,041 - src.database_handler - INFO - Inserted test results for test_id: 33
2026-03-10 17:01:22,041 - __main__ - INFO - Processed: blood_18092023.PDF (67 total results extracted; pages parsed: 6)
2026-03-10 17:01:22,137 - __main__ - INFO - Processing: blood_18092024.PDF (pages: 7)
2026-03-10 17:01:24,305 - __main__ - INFO - Table extraction found 1 table(s) across 7 page(s) for blood_18092024.PDF
2026-03-10 17:01:24,341 - __main__ - INFO - Extracted 17 results from tables
2026-03-10 17:01:24,407 - __main__ - INFO - Extracted 54 additional results from text
2026-03-10 17:01:24,421 - src.database_handler - INFO - Inserted test results for test_id: 34
2026-03-10 17:01:24,422 - __main__ - INFO - Processed: blood_18092024.PDF (71 total results extracted; pages parsed: 7)
2026-03-10 17:01:24,545 - __main__ - INFO - Processing: blood_23122024.PDF (pages: 5)
2026-03-10 17:01:26,363 - __main__ - INFO - Table extraction found 2 table(s) across 5 page(s) for blood_23122024.PDF
2026-03-10 17:01:26,404 - __main__ - INFO - Extracted 17 results from tables
2026-03-10 17:01:26,441 - __main__ - INFO - Extracted 44 additional results from text
2026-03-10 17:01:26,459 - src.database_handler - INFO - Inserted test results for test_id: 35
2026-03-10 17:01:26,460 - __main__ - INFO - Processed: blood_23122024.PDF (61 total results extracted; pages parsed: 5)
2026-03-10 17:01:26,589 - __main__ - INFO - Processing: blood_24072023.PDF (pages: 4)
2026-03-10 17:01:27,782 - __main__ - INFO - Table extraction found 2 table(s) across 4 page(s) for blood_24072023.PDF
2026-03-10 17:01:27,805 - __main__ - INFO - Extracted 17 results from tables
2026-03-10 17:01:27,838 - __main__ - INFO - Extracted 42 additional results from text
2026-03-10 17:01:27,848 - src.database_handler - INFO - Inserted test results for test_id: 36
2026-03-10 17:01:27,849 - __main__ - INFO - Processed: blood_24072023.PDF (59 total results extracted; pages parsed: 4)
2026-03-10 17:01:27,933 - __main__ - INFO - Processing: blood_25062024.PDF (pages: 5)
2026-03-10 17:01:29,283 - __main__ - INFO - Table extraction found 2 table(s) across 5 page(s) for blood_25062024.PDF
2026-03-10 17:01:29,307 - __main__ - INFO - Extracted 17 results from tables
2026-03-10 17:01:29,334 - __main__ - INFO - Extracted 44 additional results from text
2026-03-10 17:01:29,344 - src.database_handler - INFO - Inserted test results for test_id: 37
2026-03-10 17:01:29,344 - __main__ - INFO - Processed: blood_25062024.PDF (61 total results extracted; pages parsed: 5)
2026-03-10 17:01:29,410 - __main__ - INFO - Processing: blood_28042025.PDF (pages: 6)
2026-03-10 17:01:30,752 - __main__ - INFO - Table extraction found 2 table(s) across 6 page(s) for blood_28042025.PDF
2026-03-10 17:01:30,768 - __main__ - INFO - Extracted 17 results from tables
2026-03-10 17:01:30,799 - __main__ - INFO - Extracted 55 additional results from text
2026-03-10 17:01:30,816 - src.database_handler - INFO - Inserted test results for test_id: 38
2026-03-10 17:01:30,817 - __main__ - INFO - Processed: blood_28042025.PDF (72 total results extracted; pages parsed: 6)
2026-03-10 17:01:30,880 - __main__ - INFO - Processing: blood_30012023.PDF (pages: 4)
2026-03-10 17:01:31,923 - __main__ - INFO - Table extraction found 2 table(s) across 4 page(s) for blood_30012023.PDF
2026-03-10 17:01:31,940 - __main__ - INFO - Extracted 17 results from tables
2026-03-10 17:01:31,963 - __main__ - INFO - Extracted 44 additional results from text
2026-03-10 17:01:31,972 - src.database_handler - INFO - Inserted test results for test_id: 39
2026-03-10 17:01:31,972 - __main__ - INFO - Processed: blood_30012023.PDF (61 total results extracted; pages parsed: 4)
2026-03-10 17:01:32,012 - __main__ - INFO - Processing: bloodResults_23092025.pdf (pages: 7)
2026-03-10 17:01:32,908 - __main__ - INFO - Table extraction found 1 table(s) across 7 page(s) for bloodResults_23092025.pdf
2026-03-10 17:01:32,924 - __main__ - INFO - Extracted 17 results from tables
2026-03-10 17:01:32,954 - __main__ - INFO - Extracted 56 additional results from text
2026-03-10 17:01:32,973 - src.database_handler - INFO - Inserted test results for test_id: 40
2026-03-10 17:01:32,974 - __main__ - INFO - Processed: bloodResults_23092025.pdf (73 total results extracted; pages parsed: 7)
2026-03-10 17:01:33,036 - __main__ - INFO - Processing: blood_01042024.PDF (pages: 9)
2026-03-10 17:01:34,297 - __main__ - INFO - Table extraction found 1 table(s) across 9 page(s) for blood_01042024.PDF
2026-03-10 17:01:34,315 - __main__ - INFO - Extracted 17 results from tables
2026-03-10 17:01:34,352 - __main__ - INFO - Extracted 69 additional results from text
2026-03-10 17:01:34,367 - src.database_handler - INFO - Inserted test results for test_id: 41
2026-03-10 17:01:34,368 - __main__ - INFO - Processed: blood_01042024.PDF (86 total results extracted; pages parsed: 9)
2026-03-10 17:01:34,402 - __main__ - INFO - Processing: blood_04122023.PDF (pages: 6)
2026-03-10 17:01:35,296 - __main__ - INFO - Table extraction found 2 table(s) across 6 page(s) for blood_04122023.PDF
2026-03-10 17:01:35,313 - __main__ - INFO - Extracted 17 results from tables
2026-03-10 17:01:35,341 - __main__ - INFO - Extracted 46 additional results from text
2026-03-10 17:01:35,364 - src.database_handler - INFO - Inserted test results for test_id: 42
2026-03-10 17:01:35,364 - __main__ - INFO - Processed: blood_04122023.PDF (63 total results extracted; pages parsed: 6)
2026-03-10 17:01:35,409 - __main__ - INFO - Processing: blood_05102023.PDF (pages: 5)
2026-03-10 17:01:36,465 - __main__ - INFO - Table extraction found 1 table(s) across 5 page(s) for blood_05102023.PDF
2026-03-10 17:01:36,483 - __main__ - INFO - Extracted 17 results from tables
2026-03-10 17:01:36,503 - __main__ - INFO - Extracted 44 additional results from text
2026-03-10 17:01:36,512 - src.database_handler - INFO - Inserted test results for test_id: 43
2026-03-10 17:01:36,512 - __main__ - INFO - Processed: blood_05102023.PDF (61 total results extracted; pages parsed: 5)
2026-03-10 17:01:36,546 - __main__ - INFO - Processing: blood_10072025.PDF (pages: 5)
2026-03-10 17:01:37,394 - __main__ - INFO - Table extraction found 2 table(s) across 5 page(s) for blood_10072025.PDF
2026-03-10 17:01:37,414 - __main__ - INFO - Extracted 17 results from tables
2026-03-10 17:01:37,437 - __main__ - INFO - Extracted 46 additional results from text
2026-03-10 17:01:37,445 - src.database_handler - INFO - Inserted test results for test_id: 44
2026-03-10 17:01:37,446 - __main__ - INFO - Processed: blood_10072025.PDF (63 total results extracted; pages parsed: 5)
2026-03-10 17:01:37,483 - __main__ - INFO - Processing: blood_11042023.PDF (pages: 8)
2026-03-10 17:01:38,734 - __main__ - INFO - Table extraction found 2 table(s) across 8 page(s) for blood_11042023.PDF
2026-03-10 17:01:38,750 - __main__ - INFO - Extracted 17 results from tables
2026-03-10 17:01:38,786 - __main__ - INFO - Extracted 61 additional results from text
2026-03-10 17:01:38,794 - src.database_handler - INFO - Inserted test results for test_id: 45
2026-03-10 17:01:38,794 - __main__ - INFO - Processed: blood_11042023.PDF (78 total results extracted; pages parsed: 8)
2026-03-10 17:01:38,832 - __main__ - INFO - Processing: blood_18092023.PDF (pages: 6)
2026-03-10 17:01:39,739 - __main__ - INFO - Table extraction found 2 table(s) across 6 page(s) for blood_18092023.PDF
2026-03-10 17:01:39,759 - __main__ - INFO - Extracted 17 results from tables
2026-03-10 17:01:39,787 - __main__ - INFO - Extracted 50 additional results from text
2026-03-10 17:01:39,805 - src.database_handler - INFO - Inserted test results for test_id: 46
2026-03-10 17:01:39,805 - __main__ - INFO - Processed: blood_18092023.PDF (67 total results extracted; pages parsed: 6)
2026-03-10 17:01:39,845 - __main__ - INFO - Processing: blood_18092024.PDF (pages: 7)
2026-03-10 17:01:40,910 - __main__ - INFO - Table extraction found 1 table(s) across 7 page(s) for blood_18092024.PDF
2026-03-10 17:01:40,923 - __main__ - INFO - Extracted 17 results from tables
2026-03-10 17:01:40,950 - __main__ - INFO - Extracted 54 additional results from text
2026-03-10 17:01:40,958 - src.database_handler - INFO - Inserted test results for test_id: 47
2026-03-10 17:01:40,959 - __main__ - INFO - Processed: blood_18092024.PDF (71 total results extracted; pages parsed: 7)
2026-03-10 17:01:40,995 - __main__ - INFO - Processing: blood_23122024.PDF (pages: 5)
2026-03-10 17:01:41,959 - __main__ - INFO - Table extraction found 2 table(s) across 5 page(s) for blood_23122024.PDF
2026-03-10 17:01:41,986 - __main__ - INFO - Extracted 17 results from tables
2026-03-10 17:01:42,017 - __main__ - INFO - Extracted 44 additional results from text
2026-03-10 17:01:42,033 - src.database_handler - INFO - Inserted test results for test_id: 48
2026-03-10 17:01:42,034 - __main__ - INFO - Processed: blood_23122024.PDF (61 total results extracted; pages parsed: 5)
2026-03-10 17:01:42,070 - __main__ - INFO - Processing: blood_24072023.PDF (pages: 4)
2026-03-10 17:01:43,082 - __main__ - INFO - Table extraction found 2 table(s) across 4 page(s) for blood_24072023.PDF
2026-03-10 17:01:43,120 - __main__ - INFO - Extracted 17 results from tables
2026-03-10 17:01:43,164 - __main__ - INFO - Extracted 42 additional results from text
2026-03-10 17:01:43,178 - src.database_handler - INFO - Inserted test results for test_id: 49
2026-03-10 17:01:43,178 - __main__ - INFO - Processed: blood_24072023.PDF (59 total results extracted; pages parsed: 4)
2026-03-10 17:01:43,256 - __main__ - INFO - Processing: blood_25062024.PDF (pages: 5)
2026-03-10 17:01:45,034 - __main__ - INFO - Table extraction found 2 table(s) across 5 page(s) for blood_25062024.PDF
2026-03-10 17:01:45,072 - __main__ - INFO - Extracted 17 results from tables
2026-03-10 17:01:45,112 - __main__ - INFO - Extracted 44 additional results from text
2026-03-10 17:01:45,123 - src.database_handler - INFO - Inserted test results for test_id: 50
2026-03-10 17:01:45,123 - __main__ - INFO - Processed: blood_25062024.PDF (61 total results extracted; pages parsed: 5)
2026-03-10 17:01:45,187 - __main__ - INFO - Processing: blood_28042025.PDF (pages: 6)
2026-03-10 17:01:46,857 - __main__ - INFO - Table extraction found 2 table(s) across 6 page(s) for blood_28042025.PDF
2026-03-10 17:01:46,888 - __main__ - INFO - Extracted 17 results from tables
2026-03-10 17:01:46,947 - __main__ - INFO - Extracted 55 additional results from text
2026-03-10 17:01:46,960 - src.database_handler - INFO - Inserted test results for test_id: 51
2026-03-10 17:01:46,961 - __main__ - INFO - Processed: blood_28042025.PDF (72 total results extracted; pages parsed: 6)
2026-03-10 17:01:47,021 - __main__ - INFO - Processing: blood_30012023.PDF (pages: 4)
2026-03-10 17:01:48,779 - __main__ - INFO - Table extraction found 2 table(s) across 4 page(s) for blood_30012023.PDF
2026-03-10 17:01:48,811 - __main__ - INFO - Extracted 17 results from tables
2026-03-10 17:01:48,860 - __main__ - INFO - Extracted 44 additional results from text
2026-03-10 17:01:48,872 - src.database_handler - INFO - Inserted test results for test_id: 52
2026-03-10 17:01:48,872 - __main__ - INFO - Processed: blood_30012023.PDF (61 total results extracted; pages parsed: 4)
2026-03-10 17:01:48,872 - __main__ - INFO - 
Processing complete!
2026-03-10 17:01:48,873 - __main__ - INFO - Total tests processed: 26
2026-03-10 17:01:48,873 - __main__ - INFO - Total results stored: 1752
2026-03-10 17:01:48,874 - src.database_handler - INFO - Database connection closed
2026-03-10 17:01:48,874 - __main__ - INFO - === MS Blood Test Tracker Finished ===
2026-03-10 17:01:49,877 - __main__ - INFO - === MS Blood Test Tracker Started ===
2026-03-10 17:01:49,881 - src.database_handler - INFO - Connected to database: C:\smakryko\ms-blood-test-tracker\data\ms_blood_tests.db
2026-03-10 17:01:49,884 - src.database_handler - INFO - Database initialized successfully
2026-03-10 17:01:49,967 - src.database_handler - INFO - Exported 655 deduplicated results to results_complete.csv
2026-03-10 17:01:49,969 - __main__ - INFO - Results exported to: results_complete.csv
2026-03-10 17:01:49,970 - src.database_handler - INFO - Database connection closed
2026-03-10 17:01:49,970 - __main__ - INFO - === MS Blood Test Tracker Finished ===
